PatoFlamejanteTV,−27315 °C (Absolute zero),there's still hope on life @ space,07 Aug 2026 15:44
PatoFlamejanteTV,−27315 °C (Absolute zero),FreeMySoul,07 Aug 2026 15:42
PatoFlamejanteTV,−27315 °C (Absolute zero),Endless Galaxies,07 Aug 2026 15:41
allendo051,MUITO BASTANTE AURA,TROPA DO TOMATE,05 Aug 2026 18:15
allendo051,MUITO BASTANTE AURA,OVERDOSE DE MONSTER,05 Aug 2026 18:13
allendo051,MUITO BASTANTE AURA,MAKITA,05 Aug 2026 18:10
allendo051,MUITO BASTANTE AURA,LÁ ELE,05 Aug 2026 18:08
allendo051,MUITO BASTANTE AURA,AMOSTRADINHA,05 Aug 2026 18:06
SPARKLEWOLF RADIO,GLITTER IN THE BIG CITY!,WHY DO THEY FEAR WHAT THEY CAN'T SEE?,03 Aug 2026 16:08
SPARKLEWOLF RADIO,GLITTER IN THE BIG CITY!,WE HAVE BREAKCORE AT HOME,03 Aug 2026 16:05
SPARKLEWOLF RADIO,GLITTER IN THE BIG CITY!,ABYSSAL HEART,03 Aug 2026 16:01
SPARKLEWOLF RADIO,GLITTER IN THE BIG CITY!,GL1773R ERROR CRASH LOG,03 Aug 2026 16:00
SPARKLEWOLF RADIO,GLITTER IN THE BIG CITY!,SODA POP FIZZ!,03 Aug 2026 15:57
allendo051,SABOUR,low cortisol,03 Aug 2026 15:55
allendo051,SABOUR,bati meu fusca,03 Aug 2026 15:53
allendo051,MUITO BASTANTE AURA,OVERDOSE DE MONSTER,03 Aug 2026 15:51
allendo051,MUITO BASTANTE AURA,MAKITA,03 Aug 2026 15:48
allendo051,MUITO BASTANTE AURA,LÁ ELE,03 Aug 2026 15:46
allendo051,MUITO BASTANTE AURA,AMOSTRADINHA,03 Aug 2026 15:44
allendo051,MUITO BASTANTE AURA,TROPA DO TOMATE,03 Aug 2026 15:42
allendo051,MUITO BASTANTE AURA,OVERDOSE DE MONSTER,03 Aug 2026 15:40
allendo051,MUITO BASTANTE AURA,MAKITA,03 Aug 2026 15:37
allendo051,MUITO BASTANTE AURA,LÁ ELE,03 Aug 2026 15:35
allendo051,MUITO BASTANTE AURA,AMOSTRADINHA,03 Aug 2026 15:33
allendo051,MUITO BASTANTE AURA,TROPA DO TOMATE,03 Aug 2026 15:31
allendo051,MUITO BASTANTE AURA,OVERDOSE DE MONSTER,03 Aug 2026 15:29
allendo051,MUITO BASTANTE AURA,MAKITA,03 Aug 2026 15:26
allendo051,MUITO BASTANTE AURA,LÁ ELE,03 Aug 2026 15:24
allendo051,MUITO BASTANTE AURA,AMOSTRADINHA,03 Aug 2026 15:22
allendo051,MUITO BASTANTE AURA,TROPA DO TOMATE,02 Aug 2026 23:42
Shoebill,hikikomori days,Dancecore Dirtbag,02 Aug 2026 15:57
Shoebill,hikikomori days,awesome dj,02 Aug 2026 15:53
Shoebill,hikikomori days,four eighteen,02 Aug 2026 15:51
Shoebill,hikikomori days,zOmfg RAVE HARD,02 Aug 2026 15:47
Shoebill,hikikomori days,improvised mashcore,02 Aug 2026 15:44
tdstr,internet brainrot,ode to brostep,02 Aug 2026 15:41
tdstr,internet brainrot,everyydiie,02 Aug 2026 15:40
tdstr,internet brainrot,the youtube poop movement,02 Aug 2026 15:39
tdstr,internet brainrot,welcome to the wonderful world of,02 Aug 2026 15:37
tdstr,internet brainrot,unflinchingly bleak,02 Aug 2026 15:35
tdstr,internet brainrot,internet brainrot,02 Aug 2026 15:32
tdstr,internet brainrot,where there's smoke,02 Aug 2026 15:28
tdstr,internet brainrot,you know what they say,02 Aug 2026 15:27
tdstr,internet brainrot,main theme reddit,02 Aug 2026 15:25
tdstr,internet brainrot,losing my patience,02 Aug 2026 15:23
tdstr,internet brainrot,feeling fly,02 Aug 2026 15:20
tdstr,internet brainrot,pohcoidua,02 Aug 2026 15:18
tdstr,internet brainrot,i don't know what's happening to me,02 Aug 2026 15:17
tdstr,internet brainrot,in the studio who wants a purple star?,02 Aug 2026 15:14
tdstr,internet brainrot,fortnite lifehack,02 Aug 2026 15:12
tdstr,internet brainrot,instantly killed by yum brands recon team,02 Aug 2026 15:09
tdstr,internet brainrot,born in the 00s (zoomer alert),02 Aug 2026 15:07
tdstr,internet brainrot,paper is made from paper,02 Aug 2026 15:07
tdstr,internet brainrot,damn right,02 Aug 2026 15:05
tdstr,internet brainrot,another station,02 Aug 2026 15:02
tdstr,internet brainrot,youre cringe!!!,02 Aug 2026 15:00
tdstr,internet brainrot,alone,02 Aug 2026 14:59
tdstr,internet brainrot,showtime,02 Aug 2026 14:56
tdstr,internet brainrot,ode to brostep,02 Aug 2026 14:54
allendo051,MUITO BASTANTE AURA,MAKITA,01 Aug 2026 23:58
allendo051,MUITO BASTANTE AURA,LÁ ELE,01 Aug 2026 23:56
allendo051,MUITO BASTANTE AURA,AMOSTRADINHA,01 Aug 2026 23:54
allendo051,MUITO BASTANTE AURA,TROPA DO TOMATE,01 Aug 2026 23:52
allendo051,MUITO BASTANTE AURA,OVERDOSE DE MONSTER,01 Aug 2026 23:50
allendo051,MUITO BASTANTE AURA,MAKITA,01 Aug 2026 23:48
allendo051,MUITO BASTANTE AURA,LÁ ELE,01 Aug 2026 23:46
allendo051,MUITO BASTANTE AURA,AMOSTRADINHA,01 Aug 2026 23:43
allendo051,MUITO BASTANTE AURA,TROPA DO TOMATE,01 Aug 2026 23:41
allendo051,MUITO BASTANTE AURA,OVERDOSE DE MONSTER,01 Aug 2026 23:39
allendo051,MUITO BASTANTE AURA,MAKITA,01 Aug 2026 23:37
allendo051,MUITO BASTANTE AURA,LÁ ELE,01 Aug 2026 00:16
allendo051,MUITO BASTANTE AURA,AMOSTRADINHA,01 Aug 2026 00:14
allendo051,MUITO BASTANTE AURA,TROPA DO TOMATE,01 Aug 2026 00:12
allendo051,MUITO BASTANTE AURA,MAKITA,01 Aug 2026 00:09
allendo051,MUITO BASTANTE AURA,LÁ ELE,01 Aug 2026 00:07
allendo051,MUITO BASTANTE AURA,DÓ RÉ MI FA SOL LA SIX SEVEN,01 Aug 2026 00:06
allendo051,MUITO BASTANTE AURA,CHOCOLEXX,01 Aug 2026 00:04
allendo051,MUITO BASTANTE AURA,AMOSTRADINHA,01 Aug 2026 00:02
allendo051,SABOUR,meu biscoito não!,31 Jul 2026 20:54
allendo051,MUITO BASTANTE AURA,AMOSTRADINHA,31 Jul 2026 20:47
allendo051,AURAMUNDO,VBUCKS,31 Jul 2026 20:44
allendo051,AURAMUNDO,PRO BETA NÃO SOBROU NADA,31 Jul 2026 20:42
allendo051,AURAMUNDO,MODO SICKO SEVEN,31 Jul 2026 20:39
allendo051,AURAMUNDO,AURAAAAAAAAAAA,31 Jul 2026 20:38
allendo051,AURAMUNDO,AIR FRYER,31 Jul 2026 20:36
allendo051,AURAMUNDO,A ADM É TOP,31 Jul 2026 20:33
allendo051,AURAMUNDO,10/10 QUE GOSTA DE MEME 2,31 Jul 2026 20:09
SPARKLEWOLF RADIO,GLITTER IN THE BIG CITY!,IN YOUR ARMS,31 Jul 2026 20:02
SPARKLEWOLF RADIO,GLITTER IN THE BIG CITY!,IN YOUR ARMS,31 Jul 2026 19:33
SPARKLEWOLF RADIO,GLITTER IN THE BIG CITY!,WAG UR TAIL 2 THIS! (PAWS UP ON THE DANCEFLOOR!),31 Jul 2026 19:13
SPARKLEWOLF RADIO,GLITTER IN THE BIG CITY!,WHY DO THEY FEAR WHAT THEY CAN'T SEE?,31 Jul 2026 19:11
SPARKLEWOLF RADIO,GLITTER IN THE BIG CITY!,ABYSSAL HEART,31 Jul 2026 19:07
SPARKLEWOLF RADIO,GLITTER IN THE BIG CITY!,GL1773R ERROR CRASH LOG,31 Jul 2026 19:05
SPARKLEWOLF RADIO,GLITTER IN THE BIG CITY!,SODA POP FIZZ!,31 Jul 2026 19:03
SPARKLEWOLF RADIO,GLITTER IN THE BIG CITY!,PARTY LIEK ITS 2012!,31 Jul 2026 18:57
SPARKLEWOLF RADIO,,MISSED THE PUNCHLINE,31 Jul 2026 18:53
SPARKLEWOLF RADIO,,glass house!,31 Jul 2026 18:49
wifiskeleton,lovefool,i was 13 in 2017 and didnt have a cat,31 Jul 2026 18:05
wifiskeleton,lovefool,oh well youll be fine,31 Jul 2026 18:04
wifiskeleton,lovefool,back to my day job,31 Jul 2026 18:03
wifiskeleton,lovefool,lovefool demo,31 Jul 2026 18:01
wifiskeleton,lovefool,sleep through youre alarms your not well,31 Jul 2026 18:00
wifiskeleton,lovefool,it was just a dream silly girl return to your peaceful slumber,31 Jul 2026 17:59
wifiskeleton,suburban daredevil,i keep calling ... (w/ jaydes),31 Jul 2026 17:54
wifiskeleton,suburban daredevil,whore,31 Jul 2026 17:53
wifiskeleton,suburban daredevil,i don't think we'll ever find him,31 Jul 2026 17:52
wifiskeleton,suburban daredevil,Nope your too late i already died (w/ jacko),31 Jul 2026 17:49
wifiskeleton,suburban daredevil,party,31 Jul 2026 17:48
wifiskeleton,suburban daredevil,girl,31 Jul 2026 17:47
wifiskeleton,suburban daredevil,my twenty first reason </3,31 Jul 2026 17:45
wifiskeleton,suburban daredevil,suburban daredevil,31 Jul 2026 17:44
wifiskeleton,suburban daredevil,dont you wanna see me soon,31 Jul 2026 17:43
wifiskeleton,suburban daredevil,el sonata (an interlude for the parasitic),31 Jul 2026 17:42
wifiskeleton,suburban daredevil,ware me out like old clothes,31 Jul 2026 17:40
wifiskeleton,suburban daredevil,if you hate me now it would make me proud,31 Jul 2026 17:38
wifiskeleton,suburban daredevil,i keep calling ... (w/ jaydes),31 Jul 2026 17:37
wifiskeleton,suburban daredevil,whore,31 Jul 2026 17:35
wifiskeleton,suburban daredevil,i don't think we'll ever find him,31 Jul 2026 17:34
wifiskeleton,suburban daredevil,Nope your too late i already died (w/ jacko),31 Jul 2026 17:32
wifiskeleton,suburban daredevil,party,31 Jul 2026 17:31
wifiskeleton,suburban daredevil,girl,31 Jul 2026 17:29
wifiskeleton,suburban daredevil,my twenty first reason </3,31 Jul 2026 17:28
wifiskeleton,suburban daredevil,suburban daredevil,31 Jul 2026 17:26
wifiskeleton,suburban daredevil,dont you wanna see me soon,31 Jul 2026 17:25
wifiskeleton,suburban daredevil,el sonata (an interlude for the parasitic),31 Jul 2026 17:24
wifiskeleton,suburban daredevil,ware me out like old clothes,31 Jul 2026 17:23
wifiskeleton,suburban daredevil,if you hate me now it would make me proud,31 Jul 2026 17:21
wifiskeleton,suburban daredevil,i keep calling ... (w/ jaydes),31 Jul 2026 17:19
wifiskeleton,suburban daredevil,whore,31 Jul 2026 17:18
wifiskeleton,suburban daredevil,i don't think we'll ever find him,31 Jul 2026 17:17
wifiskeleton,suburban daredevil,Nope your too late i already died (w/ jacko),31 Jul 2026 17:13
wifiskeleton,suburban daredevil,party,31 Jul 2026 17:12
wifiskeleton,suburban daredevil,girl,31 Jul 2026 17:11
wifiskeleton,suburban daredevil,my twenty first reason </3,31 Jul 2026 17:09
wifiskeleton,suburban daredevil,suburban daredevil,31 Jul 2026 17:08
wifiskeleton,suburban daredevil,dont you wanna see me soon,31 Jul 2026 17:07
wifiskeleton,suburban daredevil,el sonata (an interlude for the parasitic),31 Jul 2026 17:06
wifiskeleton,suburban daredevil,ware me out like old clothes,31 Jul 2026 17:04
wifiskeleton,suburban daredevil,ware me out like old clothes,30 Jul 2026 21:24
wifiskeleton,suburban daredevil,if you hate me now it would make me proud,30 Jul 2026 21:22
wifiskeleton,suburban daredevil,i keep calling ... (w/ jaydes),30 Jul 2026 21:21
wifiskeleton,suburban daredevil,whore,30 Jul 2026 21:19
wifiskeleton,suburban daredevil,i don't think we'll ever find him,30 Jul 2026 21:18
wifiskeleton,lovefool,lovefool demo,30 Jul 2026 21:13
wifiskeleton,lovefool,sleep through youre alarms your not well,30 Jul 2026 21:12
wifiskeleton,lovefool,it was just a dream silly girl return to your peaceful slumber,30 Jul 2026 21:12
wifiskeleton,keeping secrets,keeping secrets,30 Jul 2026 20:59
wifiskeleton,lovefool,back to my day job,30 Jul 2026 20:57
wifiskeleton,pony,pony,30 Jul 2026 20:57
wifiskeleton,keeping secrets,keeping secrets,30 Jul 2026 20:56
wifiskeleton,keeping secrets,keeping secrets,30 Jul 2026 20:56
wifiskeleton,pony,pony,30 Jul 2026 20:55
wifiskeleton,oh and one last thing,oh and one last thing,30 Jul 2026 20:53
wifiskeleton,pony,im a monster in your real life,30 Jul 2026 20:52
wifiskeleton,i'm not alex g and ur not sarah,i'm not alex g and ur not sarah,30 Jul 2026 20:51
wifiskeleton,suburban daredevil,party,30 Jul 2026 20:50
wifiskeleton,pony,Bipolar,30 Jul 2026 20:47
wifiskeleton,pony,Bipolar,30 Jul 2026 20:46
wifiskeleton,suburban daredevil,my twenty first reason </3,30 Jul 2026 20:44
wifiskeleton,suburban daredevil,my twenty first reason </3,30 Jul 2026 20:44
wifiskeleton,loser club,loser club,30 Jul 2026 20:43
wifiskeleton aeter,loser club,loser club,30 Jul 2026 20:43
wifiskeleton,suburban daredevil,Nope your too late i already died,30 Jul 2026 20:41
wifiskeleton i wanna be a jack-o-lantern,suburban daredevil,Nope your too late i already died,30 Jul 2026 20:41
PatoFlamejanteTV,,Freezing Cold,29 Jul 2026 19:02
PatoFlamejanteTV,,Alien HugZ,29 Jul 2026 19:01
PatoFlamejanteTV,,there's still hope on life @ space,29 Jul 2026 19:00
PatoFlamejanteTV,,FreeMySoul,29 Jul 2026 18:59
PatoFlamejanteTV,,FreeMySoul,29 Jul 2026 18:59
PatoFlamejanteTV,,Endless Galaxies,29 Jul 2026 18:57
samlrc,A Lonely Sinner,Philautia,22 Jul 2026 20:37
samlrc,A Lonely Sinner,Lamb Theme,22 Jul 2026 20:35
Deerxing,Sutured Self,Another Form,22 Jul 2026 20:32
Deerxing,Sutured Self,Building,22 Jul 2026 20:28
Deerxing,Sutured Self,A Gentler Earth,22 Jul 2026 20:25
Deerxing,Sutured Self,Sea Sky,22 Jul 2026 20:23
Deerxing,Sutured Self,Bright,22 Jul 2026 20:17
Deerxing,Sutured Self,Mirage Mirror,22 Jul 2026 20:13
Deerxing,Sutured Self,Grayscale Dreams,22 Jul 2026 20:08
Deerxing,Sutured Self,IV Drip,22 Jul 2026 20:03
Deerxing,Sutured Self,Forager,22 Jul 2026 20:01
Deerxing,Sutured Self,Creature Feature,22 Jul 2026 19:56
Deerxing,Sutured Self,Trouble,22 Jul 2026 19:52
Deerxing,Sutured Self,Another Form,22 Jul 2026 19:49
Girlfriends,Girlfriends,New Computers,16 Jul 2026 00:05
Cities Aviv,Black Pleasure 2012,Not That I'm Anywhere,16 Jul 2026 00:03
Labirhin,Ini Lagi,Ini Lagi,16 Jul 2026 00:00
Sink Saiko,goodbye,dusty and damaged,15 Jul 2026 23:57
Elliot Malik,Buckshot Roulette,Buckshot Roulette,15 Jul 2026 23:55
Aphex Twin,Syro,180db_ [130],15 Jul 2026 23:53
jdmfessh,shedon'tluvyou,shedon'tluvyou,15 Jul 2026 23:51
TEMPOREX,Numbers,Numbers,15 Jul 2026 23:49
En Nui,Silent Hill 3 Mall Scene,Silent Hill 3 Mall Scene,15 Jul 2026 23:48
Trashiii,BLUE SLOT ARCHIVE,NEO INDUSTRIAL,15 Jul 2026 23:46
Sun Araw,On Patrol,Deep Cover,15 Jul 2026 23:43
Labirhin,MAU MAKAN APA (Original Soundtrack),FIGHT OVER!,15 Jul 2026 23:41
Sun Araw,Beach Head,Horse Steppin’,15 Jul 2026 23:38
Iluminim,Fragmentos Perdidos,E se eu te dissesse tudo?,15 Jul 2026 23:36
Spellcasting,Computer generate Beautiful wife.,Computer generate Beautiful wife.,15 Jul 2026 23:34
Labirhin,Sahabat Terbaik Sedunia,Sahabat Terbaik Sedunia,15 Jul 2026 23:33
AQUASINE,UNUSUAL CRITTER DETECTED!,UNUSUAL CRITTER DETECTED!,15 Jul 2026 23:31
Labirhin,MOVING AWAY FROM PERFECT,Everything Can't Be Like This Forever (but It Can Be Better),15 Jul 2026 23:30
Roy Ayers Ubiquity,Mystic Voyage,Mystic Voyage,15 Jul 2026 19:19
Deodato,Love Island,San Juan Sunset,15 Jul 2026 19:16
Andrew Hale,L.A. Noire Official Soundtrack,Main Theme,15 Jul 2026 19:13
Bob Sharples,Solo Flute and Piccolo/Solo Violin and 'Cello,Piano Style,15 Jul 2026 19:12
Marc Durst,Tutti Flutti Swing Band,Bossamania,15 Jul 2026 19:10
VARRA,Hello cro,Hello cro (Short),15 Jul 2026 19:09
GPF,KISS KISS,KISS KISS,15 Jul 2026 19:07
Lianhua,CITRUS!,CITRUS!,15 Jul 2026 19:06
Link do Zap,Kebrada Boyz,Anti Herói,15 Jul 2026 19:04
Macintosh Plus,Floral Shoppe,ECCOと悪寒ダイビング,15 Jul 2026 19:03
Macintosh Plus,Floral Shoppe,HIDDEN PATHWAYイルミナティ,15 Jul 2026 19:01
Macintosh Plus,Floral Shoppe,地理,15 Jul 2026 19:00
Macintosh Plus,Floral Shoppe,ライブラリ,15 Jul 2026 18:57
Macintosh Plus,Floral Shoppe,花の専門店,15 Jul 2026 18:56
Macintosh Plus,Floral Shoppe,ブート,15 Jul 2026 18:53
2:45,,Forget,15 Jul 2026 18:50
tdstr,internet brainrot,everyydiie,15 Jul 2026 18:49
tdstr,internet brainrot,the youtube poop movement,15 Jul 2026 18:48
tdstr,internet brainrot,welcome to the wonderful world of,15 Jul 2026 18:47
Shoebill,hikikomori days,zOmfg RAVE HARD,15 Jul 2026 18:46
Shoebill,hikikomori days,improvised mashcore,15 Jul 2026 18:45
goreshit,goretrance x,lovism,15 Jul 2026 18:42
goreshit,hybrid monster machines of the lesser spotted bastard,death of the candy raver,15 Jul 2026 18:41
goreshit,hybrid monster machines of the lesser spotted bastard,total fucking stabbage,15 Jul 2026 18:39
goreshit,hybrid monster machines of the lesser spotted bastard,the eternal march of the bastard squad,15 Jul 2026 18:36
Bobbing,Mixtape,Blink Blink Blink,15 Jul 2026 18:35
Bobbing,Mixtape,Introductory Remarks,15 Jul 2026 18:34
Spongebob Squarewave,Return Of The Rave,Doomerz,12 Jul 2026 22:05
Spongebob Squarewave,Return Of The Rave,I Want It THAT Way,12 Jul 2026 22:01
Spongebob Squarewave,Return Of The Rave,Witney Riddim,12 Jul 2026 21:57
Spongebob Squarewave,Return Of The Rave,Smallman Anthem (Party Dont Stop),12 Jul 2026 21:52
Spongebob Squarewave,Return Of The Rave,Get Busy Spongebob,12 Jul 2026 21:46
DJ Malamé Amarelo,Pro Evolution Sexo,Jam Session (Feat. Marcelinho MeteBala),12 Jul 2026 21:45
DJ Malamé Amarelo,Pro Evolution Sexo,Mente De Um Vilão,12 Jul 2026 21:43
DJ Malamé Amarelo,Pro Evolution Sexo,Puta Profissional,12 Jul 2026 21:40
Marcelinho MeteBala,Quebradeira Pura,Mochila Nas Costa/Death by Gazamour (feat. DJ Galo de Guerra),12 Jul 2026 21:40
Marcelinho MeteBala,Quebradeira Pura,Outside/Ta Demais,12 Jul 2026 21:37
Marcelinho MeteBala,Quebradeira Pura,Vai Amor,12 Jul 2026 21:36
Marcelinho MeteBala,Quebradeira Pura,Nova Holanda,12 Jul 2026 21:33
DJ TIJOLO,Músicas Para Bater Uma Laje vol.1,Se Ela Dança Eu Danço,12 Jul 2026 21:30
DJKurara,Mashcore Punishment,Wake Heart Breakcore,12 Jul 2026 21:29
DJKurara,Mashcore Punishment,Reason Of Dance,12 Jul 2026 21:23
DJKurara,Mashcore Punishment,Clarity The Big Boss,12 Jul 2026 20:17
DJKurara,Mashcore Punishment,Absurd Fuck To The Pop Music,12 Jul 2026 20:09
Shitmat,Full English Breakfest,Shut Up,12 Jul 2026 20:07
Shitmat,Full English Breakfest,Dubplatter,12 Jul 2026 20:04
Shitmat,Full English Breakfest,Badman Ballad,12 Jul 2026 20:01
DJKurara,Mashcore Punishment,Last First Kingdom,12 Jul 2026 16:41
ap47hyc0r3,kRu$hed eXst4cy,kRu$hed eXst4cy,10 Jul 2026 11:21
Brvxo,Aphex Brazil Twin (Real Cria Edition),APHEX BRAZIL TWIN (REAL CRIA EDITION),10 Jul 2026 11:20
Brvxo,Passinho do Romano Breakcore (ULTIMATE BRVXARIA EDITION),PASSINHO DO ROMANO BREAKCORE (ULTIMATE BRVXARIA EDITION),10 Jul 2026 11:19
AZALI,please do not listen to this song,please do not listen to this song,10 Jul 2026 11:17
The Chainsmokers,Breathe,Smooth,10 Jul 2026 11:16
The Chainsmokers,Breathe,Breathe,10 Jul 2026 11:15
Bang Bang Bang (lil yappa,,minus b remix) (part. BBpanzu),10 Jul 2026 11:13
Labirhin,MOVING AWAY FROM PERFECT,Everything Can't Be Like This Forever (but It Can Be Better),10 Jul 2026 11:11
Labirhin,Runway of Catalog Horror,runway of catalog horror,10 Jul 2026 11:07
Labirhin,MOVING AWAY FROM PERFECT,THE STARS ARE FALLING,10 Jul 2026 11:05
Berith,KILLSWITCH II,meu nome ainda é o mesmo,10 Jul 2026 11:04
isoTopxs,qualquer frase fica melhor com foda-se no final,qualquer frase fica melhor com foda-se no final,10 Jul 2026 11:01
System of a Down,Steal This Album!,I-E-A-I-A-I-O,10 Jul 2026 10:58
Trash Poll,BIOHAZARD,RISCO BIOLÓGICO,10 Jul 2026 10:55
PUSHER174,Cérebro Dormente,Garoto de internet,10 Jul 2026 10:53
isoTopxs,qualquer frase fica melhor com foda-se no final,fullmetal alchemist,10 Jul 2026 10:50
Linkin Park,Meteora (Bonus Edition),Faint,10 Jul 2026 10:47
Trash Poll,BIOHAZARD,CALÇA LARGA 2,10 Jul 2026 10:44
Moura Dj,,ROCK,10 Jul 2026 10:43
HIM,Razorblade Romance,Join Me In Death,10 Jul 2026 10:42
PUSHER174,Paranóia,Playboy,10 Jul 2026 10:36
Makaco,BIOHAZARD,PAPAI,10 Jul 2026 10:33
charlotte matou um cara,Charlotte Matou um Cara,Punk Mascuzinho,10 Jul 2026 10:32
PUSHER174,Missão suicida,Deixa eu ver se eu entendi,10 Jul 2026 10:29
Trash Poll,BIOHAZARD,SOLA DO PÉ,10 Jul 2026 10:26
Trash Poll,BIOHAZARD,INTRUSO,10 Jul 2026 10:23
goreshit,semantics: the benzo chronicles,the pain of relief (we have our vices one and all),09 Jul 2026 15:09
goreshit,semantics: the benzo chronicles,benzo (with me eternal),09 Jul 2026 15:03
goreshit,semantics: the benzo chronicles,there are no angels here.,09 Jul 2026 14:57
goreshit,semantics: the benzo chronicles,burn this moment into the retina of my eye,08 Jul 2026 21:44
Sound Rush,Endless Horizon,Endless Horizon,08 Jul 2026 21:38
Mr.muStaChE,goofy ahh beet (chicken),goofy ahh beet (chicken) (part. Yarin Primak),08 Jul 2026 21:37
Spott - Tema,Le7 17 0u7 (Spott VIP),Le7 17 0u7 (feat. Mek-9) (Spott VIP),08 Jul 2026 21:36
Deerxing,Sutured Self,IV Drip,07 Jul 2026 15:11
Deerxing,Sutured Self,Forager,07 Jul 2026 15:10
Deerxing,Sutured Self,Creature Feature,07 Jul 2026 15:05
Deerxing,Sutured Self,Trouble,06 Jul 2026 16:39
Deerxing,Sutured Self,Another Form,06 Jul 2026 16:35
Marcelinho MeteBala,MARCELINHO CYBERJAMS,Spellbound/Cheiro de Pika feat. MC Sapato,06 Jul 2026 16:31
Marcelinho MeteBala,MARCELINHO CYBERJAMS,CyberBruxaria feat. BRVXO,06 Jul 2026 16:28
Marcelinho MeteBala,MARCELINHO CYBERJAMS,Marcelo Mizer,06 Jul 2026 16:26
Marcelinho MeteBala,MARCELINHO CYBERJAMS,Foguetão,06 Jul 2026 16:25
Marcelinho MeteBala,MARCELINHO CYBERJAMS,Careless Carol,06 Jul 2026 16:24
Marcelinho MeteBala,MARCELINHO CYBERJAMS,Vou Te Machucar,06 Jul 2026 16:20
Marcelinho MeteBala,MARCELINHO CYBERJAMS,Na Ponta Ela Fica,06 Jul 2026 16:18
Cocteau Twins,Iceblink Luck,Mizake the Mizan,06 Jul 2026 16:13
yo no quería morir,perdí al sol,silencio,06 Jul 2026 16:12
Babyteeth,Wish Upon a Scar,Wish Upon a Scar,06 Jul 2026 16:08
Autumn's Grey Solace,Within the Depths of a Darkened Forest,Shadows of Moonlit Nights,06 Jul 2026 16:04
Voi,blissful lights,blissful lights,06 Jul 2026 16:02
Fog Lake,Inference 3,inference (i),06 Jul 2026 15:59
your warm arms,existing,existing,06 Jul 2026 15:58
Autumn's Grey Solace,Over the Ocean,Waning Faithful,06 Jul 2026 15:55
Autumn's Grey Solace,Within the Depths of a Darkened Forest,Lost,06 Jul 2026 15:51
drezzdon,oh the places i would take you if we werent so close to hell (decay),oh the places i would take you if we werent so close to hell,06 Jul 2026 15:50
vcr-classique,fiji vibes,fiji babe,06 Jul 2026 15:49
Brvxo,pizza,pizza,06 Jul 2026 15:48
Skyper,The Flight IX,The Flight IX,06 Jul 2026 15:47
Brvxo,,SYSTEMA FODÃO (HAKKE'N'ROLL),06 Jul 2026 15:45
OK KID,OK KID,Verschwende mich,06 Jul 2026 15:44
antihoney,antihoney (Demo Compilation),Sorry I'm leaving now (Demo Ver),06 Jul 2026 15:42
Velours,Dazzlin' Darlin (i feel the rhythm more and more),Dazzlin' Darlin (i feel the rhythm more and more),06 Jul 2026 15:41
antihoney,antihoney (Demo Compilation),Dove (Demo Ver),06 Jul 2026 15:37
PatoFlamejanteTV,,_-+-+-=Batalha contra si mesmo.=-+-+-_,06 Jul 2026 15:36
yo no quería morir,perdí al sol,último sol,06 Jul 2026 01:03
Cocteau Twins,The Moon And The Melodies,Eyes Are Mosaics,06 Jul 2026 00:59
Pogo,Weave And Wish,Under A Spell,06 Jul 2026 00:58
Pogo,Wonderpuff,Fairytales,06 Jul 2026 00:57
Pogo,Kindred Shadow,The Trouble,06 Jul 2026 00:56
Pogo,Wonderland,Alice,06 Jul 2026 00:55
Girls Rituals,Reddishness,HRT,06 Jul 2026 00:54
Skyper,Why Love Me,why love me,06 Jul 2026 00:52
nextcry,CRYSTAL X LMFAO,CRYSTAL X LMFAO,06 Jul 2026 00:50
Skyper,The Flight,The Flight,06 Jul 2026 00:48
SPARKLEWOLF RADIO,KICK BACK,CLANKERWOLF RADIO,06 Jul 2026 00:46
SPARKLEWOLF RADIO,KICK BACK,KEEP UP THE PACE,06 Jul 2026 00:44
Cult Member,Stockholm,Fantastic Life,06 Jul 2026 00:39
PASTEL GHOST,Abyss,Lilacs,06 Jul 2026 00:35
Underworld,1992 - 2012,Born Slippy .NUXX,06 Jul 2026 00:34
Maple,chubby,fr<3nd,05 Jul 2026 18:52
laydownrot,Bass Drop & Razor Pop,perfect face,05 Jul 2026 18:50
pupsies,misery.,misery.,05 Jul 2026 18:49
Cuntsniffer,I'm Already Saved,I'm Already Saved,05 Jul 2026 18:48
Cuntsniffer,Meant To Be,Meant To Be,05 Jul 2026 18:46
samlrc,A Lonely Sinner,Philautia,04 Jul 2026 17:55
samlrc,A Lonely Sinner,Lamb Theme,04 Jul 2026 17:53
LulaMoon,opal,crescent,04 Jul 2026 17:52
LulaMoon,opal,gen3mlp (feat. robin's ghost),04 Jul 2026 17:49
LulaMoon,opal,ears perk up (feat. CREEPYSUSIE),04 Jul 2026 17:46
LulaMoon,opal,purrrfect (feat. dis / vinylcat),04 Jul 2026 17:43
LulaMoon,opal,tropicana cookies (feat Samad M.),04 Jul 2026 17:40
LulaMoon,opal,amethyst,04 Jul 2026 17:37
LulaMoon,opal,iris agate,04 Jul 2026 17:35
LulaMoon,opal,mama's gun,04 Jul 2026 17:33
LulaMoon,opal,ladybug mecha,04 Jul 2026 17:30
LulaMoon,opal,lavender quartz (feat. MBRK),04 Jul 2026 17:27
LulaMoon,opal,howlin at the,04 Jul 2026 17:24
LulaMoon,opal,carnelian,04 Jul 2026 17:22
Switchfoot,Nothing Is Sound,Stars,04 Jul 2026 17:18
Switchfoot,Nothing Is Sound,Lonely Nation,04 Jul 2026 17:17
Vylet Pony,Monarch of Monsters,Sludge,04 Jul 2026 16:54
Vylet Pony,Monarch of Monsters,Princess Cuckoo,04 Jul 2026 16:51
Vylet Pony,Monarch of Monsters,The Wallflower Equation,04 Jul 2026 16:40
Vylet Pony,Monarch of Monsters,Vitality Glitch,04 Jul 2026 16:36
Vylet Pony,Monarch of Monsters,Survivor’s Guilt,04 Jul 2026 16:30
Vylet Pony,Monarch of Monsters,The Heretic (Woe Is Me),04 Jul 2026 16:25
Vylet Pony,Monarch of Monsters,PLAY DEAD! PLAY DEAD!,04 Jul 2026 16:21
Vylet Pony,Monarch of Monsters,Pest,04 Jul 2026 16:16
Vylet Pony,Monarch of Monsters,Pest,04 Jul 2026 15:58
MAILPUP,STAY @ HOME SUMMER 2020,HEWWO KITTY! >:3c,04 Jul 2026 01:52
MAILPUP,MAILPUP,MY DOG RUNS ON SOYLENT,04 Jul 2026 01:50
MAILPUP,MAILPUP,MYSPACE BANGER 3008,04 Jul 2026 01:48
MAILPUP,MAILPUP,I REALLY REALLY REALLY HATE THE WORLD BUT THAT'S OK AT LEAST I'VE GOT MY GABBER DRUM,04 Jul 2026 01:45
MAILPUP,MAILPUP,NAMx (MAILPUP flip),04 Jul 2026 01:41
MAILPUP,MAILPUP,PROTECC ATTACC SEXYBACC,04 Jul 2026 01:38
MAILPUP,MAILPUP,THE MAKE UP BEAR,04 Jul 2026 01:36
MAILPUP,MAILPUP,ÄLSKAR DIG!!,04 Jul 2026 01:33
MAILPUP,MAILPUP,HEWWO! ÒwÓ,04 Jul 2026 01:31
MAILPUP,FANSERVICE,DANCING WITH SOLVEIG,04 Jul 2026 01:27
MAILPUP,FANSERVICE,DANCING WITH SOLVEIG,03 Jul 2026 15:00
MAILPUP,FANSERVICE,DANCING WITH SOLVEIG,01 Jul 2026 21:57
MAILPUP,FANSERVICE,FEED YOUR LOCAL MAILPUP,01 Jul 2026 21:54
MAILPUP,FANSERVICE,DRAIN PUPPY MAIL ME IMMEDIATELY,01 Jul 2026 21:53
MAILPUP,FANSERVICE,BORIS JOHNSON DEATH INCANTATION,01 Jul 2026 21:51
MAILPUP,FANSERVICE,LET ME MAIL YOUR PACKAGE,01 Jul 2026 21:49
MAILPUP,FANSERVICE,ASS UP!,01 Jul 2026 21:46
MAILPUP,FANSERVICE,HARDER DADDY,01 Jul 2026 21:44
passengerprincess,PASSENGERPRINCESS,CREDIT CARD,01 Jul 2026 17:21
passengerprincess,PASSENGERPRINCESS,4K CARPET,01 Jul 2026 17:19
passengerprincess,PASSENGERPRINCESS,TUMMY,01 Jul 2026 17:17
passengerprincess,PASSENGERPRINCESS,PREY,01 Jul 2026 17:14
passengerprincess,PASSENGERPRINCESS,VENOMOUS,01 Jul 2026 17:12
SPARKLEWOLF RADIO,GLITTER IN THE BIG CITY!,PARTY LIEK ITS 2012!,01 Jul 2026 17:07
ida deerz,Idaidaida II,make it make sense!,01 Jul 2026 17:06
ida deerz,Idaidaida II,5mg EEn (ft. phimtown & foxparkk),01 Jul 2026 17:03
ida deerz,Idaidaida II,the CONE ZONE!,01 Jul 2026 17:00
ida deerz,Idaidaida II,8080 West,01 Jul 2026 16:58
Spott,Dumbass of the Century,Another Dimension Beyond Comprehension,01 Jul 2026 16:52
Spott,Happy Heartcore,Happy Heartcore,01 Jul 2026 16:50
Kyotsugyon,,【vivid/stasis】SUPERNOVA,01 Jul 2026 16:45
eightiesheadachetape,for a while,drift,01 Jul 2026 15:44
eightiesheadachetape,for a while,the bowling alley,01 Jul 2026 15:43
eightiesheadachetape,for a while,the end of clear ice,01 Jul 2026 15:43
eightiesheadachetape,for a while,fifty thousand ones and zeroes,01 Jul 2026 15:41
Stone Valley,traveler,wolves,01 Jul 2026 15:37
Stone Valley,traveler,caves,01 Jul 2026 15:34
Spott,Happy Heartcore,Caboost!,01 Jul 2026 11:54
Spott,Happy Heartcore,Caboost!,01 Jul 2026 11:53
Bloody Mercury,maid doll corpse,maid doll corpse,29 Jun 2026 01:19
Bloody Mercury,poisonous scarlet night,poisonous scarlet night,29 Jun 2026 00:18
ESPRIT 空想,200% Electronica,Warmpop,28 Jun 2026 22:15
Aphex Twin,Come to Daddy,Flim,28 Jun 2026 22:14
Aphex Twin,Come to Daddy,Flim,28 Jun 2026 22:14
Aphex Twin,Selected Ambient Works 85-92,Xtal,28 Jun 2026 22:06
Skyper,,Hero II,28 Jun 2026 22:05
July,,sorry mom im a faggot,28 Jun 2026 12:45
July,,i wrote this poem about you listen you dont have a choice,28 Jun 2026 12:44
wifiskeleton,,demo #6 (everybody hates fiona),28 Jun 2026 12:44
wifiskeleton,,32gigs of tranny porn,28 Jun 2026 12:43
wifiskeleton,,local,28 Jun 2026 12:42
wifiskeleton,,walmart,28 Jun 2026 12:41
wifiskeleton,,idc what she doin,28 Jun 2026 12:41
Skeleton,,lovefool demo,28 Jun 2026 12:39
nope your too late,,jacko,28 Jun 2026 12:39
wifiskeleton,I Fucking Hate Fiona Gallagher,i feel like the basketball diaries rn and everything sucks,28 Jun 2026 12:37
wifiskeleton,pony,Stupid,28 Jun 2026 12:36
wifiskeleton,suburban daredevil,el sonata (an interlude for the parasitic),28 Jun 2026 12:35
wifiskeleton,wish i were him,wish i were him,28 Jun 2026 12:33
wifiskeleton,suburban daredevil,girl,28 Jun 2026 12:32
wifiskeleton,I Fucking Hate Fiona Gallagher,im probably the most unconfident person alive man,28 Jun 2026 12:30
wifiskeleton,pony,stop reminding me im human,28 Jun 2026 12:29
wifiskeleton,fuck national boyfriend day,how is it already october,28 Jun 2026 12:28
wifiskeleton,53 nights,53 nights (part. witchbox),28 Jun 2026 12:26
wifiskeleton,pony,birthday,28 Jun 2026 12:25
WitchBox,on the count of three,on the count of three (part. wifiskeleton),28 Jun 2026 12:24
wifiskeleton,suburban daredevil,dont you wanna see me soon,28 Jun 2026 12:23
wifiskeleton,suburban daredevil,if you hate me now it would make me proud,28 Jun 2026 12:23
wifiskeleton,crawlspace,crawlspace (part. keepsecrets),28 Jun 2026 12:21
wifiskeleton,pony,you ruin everything dont you,28 Jun 2026 12:21
wifiskeleton,pony,ik your waiting...,28 Jun 2026 12:19
wifiskeleton,suburban daredevil,whore,28 Jun 2026 12:18
wifiskeleton aeter,loser club,loser club,27 Jun 2026 22:46
SPARKLEWOLF RADIO,GLITTER IN THE BIG CITY!,WOOF WOOF!,26 Jun 2026 22:03
SPARKLEWOLF RADIO,GLITTER IN THE BIG CITY!,OUR LAST GOODBYE,26 Jun 2026 22:00
SPARKLEWOLF RADIO,GLITTER IN THE BIG CITY!,ADOPT AND RAISE A CUTE PET!,26 Jun 2026 21:59
SPARKLEWOLF RADIO,GLITTER IN THE BIG CITY!,ADOPT AND RAISE A CUTE PET!,26 Jun 2026 21:56
SPARKLEWOLF RADIO,GLITTER IN THE BIG CITY!,AWAWAWAWA,26 Jun 2026 21:54
SPARKLEWOLF RADIO,GLITTER IN THE BIG CITY!,IN THE FINAL CUT,26 Jun 2026 21:51
SPARKLEWOLF RADIO,GLITTER IN THE BIG CITY!,CUTE SPARKLE GLITTER BREAK!!!,26 Jun 2026 21:48
SPARKLEWOLF RADIO,GLITTER IN THE BIG CITY!,PEACE AMIDST THE CHAOS,26 Jun 2026 21:43
SPARKLEWOLF RADIO,GLITTER IN THE BIG CITY!,GLITTERPOP! FREE DOWNLOAD NO VIRUS *WORKING*,26 Jun 2026 21:41
SPARKLEWOLF RADIO,GLITTER IN THE BIG CITY!,SO HAZY,26 Jun 2026 21:38
SPARKLEWOLF RADIO,GLITTER IN THE BIG CITY!,SO HAZY,26 Jun 2026 19:50
SPARKLEWOLF RADIO,GLITTER IN THE BIG CITY!,IN YOUR ARMS,26 Jun 2026 19:46
SPARKLEWOLF RADIO,GLITTER IN THE BIG CITY!,WAG UR TAIL 2 THIS! (PAWS UP ON THE DANCEFLOOR!),26 Jun 2026 19:42
SPARKLEWOLF RADIO,GLITTER IN THE BIG CITY!,WHY DO THEY FEAR WHAT THEY CAN'T SEE?,26 Jun 2026 19:40
SPARKLEWOLF RADIO,GLITTER IN THE BIG CITY!,WE HAVE BREAKCORE AT HOME,26 Jun 2026 19:37
SPARKLEWOLF RADIO,GLITTER IN THE BIG CITY!,ABYSSAL HEART,26 Jun 2026 16:01
SPARKLEWOLF RADIO,GLITTER IN THE BIG CITY!,GL1773R ERROR CRASH LOG,26 Jun 2026 15:59
SPARKLEWOLF RADIO,GLITTER IN THE BIG CITY!,SODA POP FIZZ!,26 Jun 2026 15:57
SPARKLEWOLF RADIO,GLITTER IN THE BIG CITY!,DISCLAIMER: EATING GLITTER GLUE WILL NOT TURN YOU INTO GLITTER (DESPITE POPULAR BELIEF),26 Jun 2026 15:55
SPARKLEWOLF RADIO,GLITTER IN THE BIG CITY!,PARTY LIEK ITS 2012!,26 Jun 2026 15:52
goreshit,hybrid monster machines of the lesser spotted bastard,you're just being weird for the sake of it.,26 Jun 2026 15:51
goreshit,hybrid monster machines of the lesser spotted bastard,betty boothroyd's holiday dancer,26 Jun 2026 15:49
goreshit,hybrid monster machines of the lesser spotted bastard,banfield's crazy fingers,26 Jun 2026 15:44
goreshit,hybrid monster machines of the lesser spotted bastard,crunch bunch car crash,26 Jun 2026 15:41
goreshit,hybrid monster machines of the lesser spotted bastard,death of the candy raver,26 Jun 2026 15:37
goreshit,hybrid monster machines of the lesser spotted bastard,total fucking stabbage,26 Jun 2026 15:34
goreshit,hybrid monster machines of the lesser spotted bastard,the eternal march of the bastard squad,26 Jun 2026 15:32
strxwberrymilk,Music for Awkward Dates,Cyber Trash,25 Jun 2026 22:08
strxwberrymilk,Music for Awkward Dates,Parking Stress,25 Jun 2026 22:04
strxwberrymilk,Music for Awkward Dates,Cute Girls And Nice Food,25 Jun 2026 22:00
strxwberrymilk,Love Letter To My World,Meteor feat. Meeno Wave,25 Jun 2026 21:56
strxwberrymilk,Love Letter To My World,MP40 (Rawlin' Mix),25 Jun 2026 21:53
strxwberrymilk,Love Letter To My World,Music First feat. all due & onacide,25 Jun 2026 21:48
strxwberrymilk,Love Letter To My World,Go With The Flow,25 Jun 2026 21:45
strxwberrymilk,Love Letter To My World,Blowing My Mind,25 Jun 2026 21:41
strxwberrymilk,Love Letter To My World,Sienteme Estoy Aqui,25 Jun 2026 21:38
strxwberrymilk,Love Letter To My World,Turn Up feat. Andy Pls,25 Jun 2026 21:36
strxwberrymilk,Love Letter To My World,Roy,25 Jun 2026 21:35
SPARKLEWOLF RADIO,GLITTER IN THE BIG CITY!,PARTY LIEK ITS 2012!,25 Jun 2026 21:34
goreshit,my love feels all wrong. digipak,pirupi! fuck!!,25 Jun 2026 21:33
goreshit,my love feels all wrong. digipak,tatu'd lolis (extended mix),25 Jun 2026 21:31
goreshit,hybrid monster machines of the lesser spotted bastard,(still) too young,25 Jun 2026 15:52
goreshit,hybrid monster machines of the lesser spotted bastard,stop me if you've heard this one.,25 Jun 2026 15:50
goreshit,hybrid monster machines of the lesser spotted bastard,all's well that ends well,25 Jun 2026 15:49
goreshit,hybrid monster machines of the lesser spotted bastard,woah! (watch the paintwork),25 Jun 2026 15:47
goreshit,hybrid monster machines of the lesser spotted bastard,you're just being weird for the sake of it.,25 Jun 2026 15:45
goreshit,hybrid monster machines of the lesser spotted bastard,betty boothroyd's holiday dancer,25 Jun 2026 15:42
goreshit,hybrid monster machines of the lesser spotted bastard,banfield's crazy fingers,25 Jun 2026 15:38
goreshit,hybrid monster machines of the lesser spotted bastard,crunch bunch car crash,25 Jun 2026 15:35
goreshit,hybrid monster machines of the lesser spotted bastard,death of the candy raver,25 Jun 2026 15:32
goreshit,hybrid monster machines of the lesser spotted bastard,death of the candy raver,19 Jun 2026 22:13
goreshit,hybrid monster machines of the lesser spotted bastard,total fucking stabbage,19 Jun 2026 22:12
goreshit,hybrid monster machines of the lesser spotted bastard,the eternal march of the bastard squad,19 Jun 2026 22:09
goreshit,goretrance 9,scotch cherries,19 Jun 2026 22:05
goreshit,goretrance 9,goretrance 9 (get happy or get fucked '97),19 Jun 2026 21:58
goreshit,goretrance 9,hot as balls,19 Jun 2026 21:56
goreshit,goretrance 9,wasting my time,19 Jun 2026 21:53
goreshit,goretrance 9,the dancecore element,19 Jun 2026 21:49
goreshit,goretrance 9,burn shit up,19 Jun 2026 21:48
goreshit,goretrance 9,bad habits,19 Jun 2026 21:44
goreshit,goretrance 9,we came to gangbang,19 Jun 2026 21:41
goreshit,gnb,unnatural,19 Jun 2026 21:35
goreshit,gnb,hold my hand,19 Jun 2026 21:31
goreshit,gnb,hold my hand,19 Jun 2026 19:25
goreshit,gnb,lonely,19 Jun 2026 19:22
goreshit,gnb,dreamer,19 Jun 2026 19:17
goreshit,gnb,fine night,19 Jun 2026 19:15
Frizk,Forgotten Arcade,Bright Stuff,19 Jun 2026 15:51
Frizk,Forgotten Arcade,Flashback,19 Jun 2026 15:50
Frizk,Forgotten Arcade,Real Fellas,19 Jun 2026 15:49
Frizk,Forgotten Arcade,Gorveve,19 Jun 2026 15:46
Frizk,Forgotten Arcade,Fusion Core,19 Jun 2026 15:44
Frizk,Blue Hour Mind,Beach Nearby (Intermission),19 Jun 2026 15:41
Frizk,Blue Hour Mind,give it a little more,19 Jun 2026 15:39
Frizk,Blue Hour Mind,I Wish It Were Colder,19 Jun 2026 15:36
Frizk,Blue Hour Mind,By The Trees,19 Jun 2026 15:34
Frizk,Blue Hour Mind,Select Your Car!,19 Jun 2026 15:33
Crystal Castles,II,Empathy,18 Jun 2026 22:07
Crystal Castles,II,Year of Silence,18 Jun 2026 22:06
Crystal Castles,II,Baptism,18 Jun 2026 22:05
Crystal Castles,II,Doe Deer,18 Jun 2026 22:04
Crystal Castles,II,Celestica,18 Jun 2026 22:00
Crystal Castles,II,Fainting Spells,18 Jun 2026 21:59
Crystal Castles,I,Tell Me What to Swallow,18 Jun 2026 21:57
Crystal Castles,I,Black Panther,18 Jun 2026 21:54
Crystal Castles,I,Reckless,18 Jun 2026 21:51
Crystal Castles,I,Through the Hosiery,18 Jun 2026 21:48
Crystal Castles,I,Knights,18 Jun 2026 21:44
Crystal Castles,I,Vanished,18 Jun 2026 21:42
Crystal Castles,I,1991,18 Jun 2026 21:40
Crystal Castles,I,Good Time,18 Jun 2026 21:39
Crystal Castles,I,Courtship Dating,18 Jun 2026 21:36
Crystal Castles,I,Air War,18 Jun 2026 21:35
Crystal Castles,I,Magic Spells,18 Jun 2026 20:20
Crystal Castles,I,Crimewave,18 Jun 2026 20:16
goreshit,hybrid monster machines of the lesser spotted bastard,the eternal march of the bastard squad,18 Jun 2026 15:54
goreshit,hybrid monster machines of the lesser spotted bastard,all's well that ends well,18 Jun 2026 15:53
goreshit,hybrid monster machines of the lesser spotted bastard,(still) too young,18 Jun 2026 15:47
goreshit,hybrid monster machines of the lesser spotted bastard,banfield's crazy fingers,18 Jun 2026 15:43
goreshit,hybrid monster machines of the lesser spotted bastard,death of the candy raver,18 Jun 2026 15:39
goreshit,hybrid monster machines of the lesser spotted bastard,crunch bunch car crash,18 Jun 2026 15:36
goreshit,hybrid monster machines of the lesser spotted bastard,betty boothroyd's holiday dancer,18 Jun 2026 15:34
goreshit,hybrid monster machines of the lesser spotted bastard,stop me if you've heard this one.,18 Jun 2026 15:32
Saavane,,Animals Of The Farm,18 Jun 2026 01:14
Saavane,,Animals Of The Farm,18 Jun 2026 01:11
goreshit,hybrid monster machines of the lesser spotted bastard,woah! (watch the paintwork),17 Jun 2026 22:11
goreshit,hybrid monster machines of the lesser spotted bastard,you're just being weird for the sake of it.,17 Jun 2026 22:08
SPARKLEWOLF RADIO,GLITTER IN THE BIG CITY!,TUMMY ACHE (ALT),17 Jun 2026 22:08
SPARKLEWOLF RADIO,GLITTER IN THE BIG CITY!,HEY KUZU,17 Jun 2026 22:04
SPARKLEWOLF RADIO,THE RETURN OF SPARKLEWOLF RADIO,MARBLE HORNETS,17 Jun 2026 22:01
SPARKLEWOLF RADIO,GLITTER IN THE BIG CITY!,DISCLAIMER: EATING GLITTER GLUE WILL NOT TURN YOU INTO GLITTER (DESPITE POPULAR BELIEF),17 Jun 2026 21:59
SPARKLEWOLF RADIO,GLITTER IN THE BIG CITY!,CARAMELLDANSEN!!!,17 Jun 2026 21:58
SPARKLEWOLF RADIO,GLITTER IN THE BIG CITY!,CUTE SPARKLE GLITTER BREAK!!!,17 Jun 2026 21:57
SPARKLEWOLF RADIO,THE RETURN OF SPARKLEWOLF RADIO,retroslop!,17 Jun 2026 21:55
Saavane,,Animals Of The Farm,17 Jun 2026 21:04
Saavane,,Animals Of The Farm,17 Jun 2026 20:58
Frizk,Blue Hour Mind,I Wish It Were Colder,16 Jun 2026 22:06
Frizk,Blue Hour Mind,I Wish It Were Colder,16 Jun 2026 22:04
Frizk,Blue Hour Mind,By The Trees,16 Jun 2026 22:01
Frizk,Blue Hour Mind,Blue Raspberry Field,16 Jun 2026 22:00
Frizk,Blue Hour Mind,Tryondas Galaxy,16 Jun 2026 21:57
Frizk,Blue Hour Mind,Your Local Forecast 1133,16 Jun 2026 21:54
Frizk,Blue Hour Mind,Select Your Car!,16 Jun 2026 21:51
Frizk,Blue Hour Mind,Frizk - Select Your Car!,16 Jun 2026 21:49
fur:trash,fur:core II - sadb0i dariacore,five nights at jason derulo's,16 Jun 2026 21:26
fur:trash,fur:core II - sadb0i dariacore,let me oute!!!,16 Jun 2026 21:24
fur:trash,fur:core VII - puppy radio 24/7,wanna fucking scream!!!,16 Jun 2026 21:21
fur:trash,fur:core III - trap nation,the cashier looked at me weird i don't know if i can go back,16 Jun 2026 21:18
fur:trash,fur:core IV - nice socks,terminal oden od [feat. skr1ll],16 Jun 2026 21:16
fur:trash,fur:core IV - nice socks,rock that microphone,16 Jun 2026 21:10
fur:trash,fur:core II - sadb0i dariacore,feeling lucky,16 Jun 2026 21:09
fur:trash,fur:core I - what am i doing?,the sus files,16 Jun 2026 21:08
fur:trash,fur:core VI - tinnitus speedrun any% wr,black tar heroin,16 Jun 2026 21:05
fur:trash,LOST DOG,AUTISM BE DAMNED!,16 Jun 2026 20:51
fur:trash,fur:core V - garbage disposal,funnycore twerkhouse,16 Jun 2026 20:49
fur:trash,fur:core IV - nice socks,nice opinion one small issue,16 Jun 2026 20:46
Frizk,Blue Hour Mind,Your Local Forecast 1133,16 Jun 2026 20:46
Frizk,Blue Hour Mind,Frizk - Your Local Forecast 1133,16 Jun 2026 20:45
Frizk,Forgotten Arcade,Bitrate,16 Jun 2026 20:45
Frizk,Blue Hour Mind,Frizk - Your Local Forecast 1133,16 Jun 2026 20:42
Vertigoaway,gali.inveraph//THE WELL,the vile spawn-aborted,15 Jun 2026 22:02
Vertigoaway,wavelength of my energy,sharding abt hrt shit,15 Jun 2026 22:00
Vertigoaway,wavelength of my energy,BUMP THE HARDSTYLE TRANCE,15 Jun 2026 21:57
Vertigoaway,verti & rains' trek through the hexd landscape,ritual rave,15 Jun 2026 21:55
Vertigoaway,gali.inveraph//THE WELL,fullbright,15 Jun 2026 21:53
Vertigoaway,gali.inveraph//THE WELL,rebenge of the sighted,15 Jun 2026 21:51
Vertigoaway,gali.inveraph//THE WELL,gali.9221,15 Jun 2026 21:48
Vertigoaway,verti & rains' trek through the hexd landscape,lake of shadows-dry spell,15 Jun 2026 21:46
wifiskeleton i wanna be a jack-o-lantern,suburban daredevil,Nope your too late i already died,15 Jun 2026 15:50
Puzzle,X Hail,Loose Cannon,15 Jun 2026 15:48
The Smiths,Louder Than Bombs,Back to the Old House,15 Jun 2026 15:45
The Cure,Three Imaginary Boys,Boys Don't Cry,15 Jun 2026 15:43
Radiohead,,Creep (acoustic),15 Jun 2026 15:42
snaptic,glass memory (Original Soundtrack),world:recovery,13 Jun 2026 21:49
Pent Up Pup,Furfag,CUDDLY,13 Jun 2026 21:47
wifiskeleton i wanna be a jack-o-lantern,suburban daredevil,Nope your too late i already died,13 Jun 2026 21:46
The Cure,Three Imaginary Boys,Boys Don't Cry,13 Jun 2026 21:42
The Long Faces,Jane!,Jane!,13 Jun 2026 21:39
Radiohead,OK Computer OKNOTOK 1997 2017,No Surprises,13 Jun 2026 21:35
Radiohead,,Creep,13 Jun 2026 21:32
Aphex Twin,Music From the Merch Desk (2016 - 2023),Nightmail [London 14.09.2019],13 Jun 2026 21:29
Jane Remover,,jane_remover_remixes_vol2.zip (visualizer),13 Jun 2026 21:28
SPARKLEWOLF RADIO,,WAG UR TAIL 2 THIS! (PAWS ON THE DANCEFLOOR!),13 Jun 2026 21:27
Eric Weissberg e Steve Mandell,,Dueling Banjos,13 Jun 2026 21:26
cyanboy,CATALYST,CATALYST,13 Jun 2026 21:25
SPARKLEWOLF RADIO,,busy bee!,13 Jun 2026 21:21
tv room,The Big Big Deal,Dear Pet Rock,13 Jun 2026 21:20
Labirhin,,STOP,13 Jun 2026 21:18
passengerprincess,DARK SIDE + TREATS!!,DARK SIDE OF THE ROOM,13 Jun 2026 21:15
Snuffles,too late 2,too late 2,13 Jun 2026 21:12
Snuffles,I cant stop making mistakes,I cant stop making mistakes,13 Jun 2026 21:12
Kid Cudi,Man on the Moon: The End of Day (Int'l Version),Soundtrack 2 My Life,13 Jun 2026 21:10
Vertigoaway,verti & rains' trek through the hexd landscape,lake of shadows-dry spell,12 Jun 2026 22:09
Vertigoaway,verti & rains' trek through the hexd landscape,crashed,12 Jun 2026 22:06
Vertigoaway,verti & rains' trek through the hexd landscape,i never fukd a bih w a prolap,12 Jun 2026 22:04
Vertigoaway,verti & rains' trek through the hexd landscape,d8imension hole,12 Jun 2026 22:03
Vertigoaway,gali.inveraph//THE WELL,dubiously corrupt beisolhof core,12 Jun 2026 22:00
Vertigoaway,verti & rains' trek through the hexd landscape,papa hates me,12 Jun 2026 21:57
Vertigoaway,verti & rains' trek through the hexd landscape,aftermath,12 Jun 2026 21:55
Vertigoaway,wavelength of my energy,ak-gigabab_9122,12 Jun 2026 21:52
Vertigoaway,verti & rains' trek through the hexd landscape,donkage,12 Jun 2026 21:48
Vertigoaway,wavelength of my energy,tihjygu,12 Jun 2026 21:46
Vertigoaway,verti & rains' trek through the hexd landscape,stuck-seasick,12 Jun 2026 21:43
Vertigoaway,verti & rains' trek through the hexd landscape,trains not making it,12 Jun 2026 21:39
Vertigoaway,verti & rains' trek through the hexd landscape,wandering,12 Jun 2026 21:37
Vertigoaway,verti & rains' trek through the hexd landscape,a lofty end,12 Jun 2026 21:36
Vertigoaway,gali.inveraph//THE WELL,the well,12 Jun 2026 21:35
SPARKLEWOLF RADIO,,ANTONYMPH!,12 Jun 2026 20:57
SPARKLEWOLF RADIO,grrr RAVEYARD!,grrr RAVEYARD!,12 Jun 2026 20:56
SPARKLEWOLF RADIO,grrr RAVEYARD!,grrr RAVEYARD!,12 Jun 2026 20:56
Vertigoaway,gali.inveraph//THE WELL,the well,12 Jun 2026 20:53
Vertigoaway,gali.inveraph//THE WELL,as as as as the springs...,12 Jun 2026 20:51
Vertigoaway,gali.inveraph//THE WELL,DR GEARS,12 Jun 2026 20:49
SPARKLEWOLF RADIO,GLITTER IN THE BIG CITY!,EVIL (KUZU WANTS YOU TO THINK THAT HE'S EVIL BUT HE'S REALLY JUST A SWEETHEART),12 Jun 2026 20:48
SPARKLEWOLF RADIO,THE RETURN OF SPARKLEWOLF RADIO,SPANK YOUR LOCAL SPARKLEWOLF!,12 Jun 2026 20:45
SPARKLEWOLF RADIO,GLITTER IN THE BIG CITY!,THEY'RE PLAYING PIANO IN THE DARK,12 Jun 2026 20:43
SPARKLEWOLF RADIO,THE RETURN OF SPARKLEWOLF RADIO,WHIMPER FOR ME,12 Jun 2026 20:41
SPARKLEWOLF RADIO,GLITTER IN THE BIG CITY!,GLITTER GLITTER GLITTER,12 Jun 2026 20:38
SPARKLEWOLF RADIO,GLITTER IN THE BIG CITY!,SO HAZY,12 Jun 2026 20:35
SPARKLEWOLF RADIO,GLITTER IN THE BIG CITY!,PARTY LIEK ITS 2012!,12 Jun 2026 20:32
SPARKLEWOLF RADIO,GLITTER IN THE BIG CITY!,CAUTION CAUTION CAUTION,12 Jun 2026 20:30
SPARKLEWOLF RADIO,THE RETURN OF SPARKLEWOLF RADIO,MARBLE HORNETS,12 Jun 2026 20:29
MAILPUP,MAILPUP,MY DOG RUNS ON SOYLENT,12 Jun 2026 20:26
MAILPUP,MAILPUP,HEWWO! ÒwÓ,12 Jun 2026 20:24
MAILPUP,FANSERVICE,HARDER DADDY,12 Jun 2026 20:20
MAILPUP,STAY @ HOME SUMMER 2020,PURPLE SLURPLE (MAILPUP BOOTLEG),12 Jun 2026 20:19
passengerprincess,PASSENGERPRINCESS,PREY,12 Jun 2026 15:57
passengerprincess,PASSENGERPRINCESS,4K CARPET,12 Jun 2026 15:55
passengerprincess,PASSENGERPRINCESS,FINALE,12 Jun 2026 15:51
passengerprincess,PASSENGERPRINCESS,DANCE ALL NIGHT,12 Jun 2026 15:49
passengerprincess,PASSENGERPRINCESS,CREDIT CARD,12 Jun 2026 15:46
passengerprincess,PASSENGERPRINCESS,VENOMOUS,12 Jun 2026 15:44
passengerprincess,PASSENGERPRINCESS,TUMMY,12 Jun 2026 15:41
passengerprincess,PASSENGERPRINCESS,PUPPY 4EVER,12 Jun 2026 15:39
passengerprincess,PASSENGERPRINCESS,PREY,12 Jun 2026 15:36
passengerprincess,PASSENGERPRINCESS,4K CARPET,12 Jun 2026 15:34
passengerprincess,PASSENGERPRINCESS,FINALE,12 Jun 2026 15:30
Snuffles,I cant stop making mistakes,I cant stop making mistakes,12 Jun 2026 14:12
passengerprincess,PASSENGERPRINCESS,DANCE ALL NIGHT,11 Jun 2026 15:57
passengerprincess,PASSENGERPRINCESS,CREDIT CARD,11 Jun 2026 15:54
passengerprincess,PASSENGERPRINCESS,VENOMOUS,11 Jun 2026 15:52
passengerprincess,PASSENGERPRINCESS,TUMMY,11 Jun 2026 15:49
passengerprincess,PASSENGERPRINCESS,PUPPY 4EVER,11 Jun 2026 15:46
passengerprincess,PASSENGERPRINCESS,PREY,11 Jun 2026 15:44
passengerprincess,PASSENGERPRINCESS,4K CARPET,11 Jun 2026 15:42
passengerprincess,PASSENGERPRINCESS,FINALE,11 Jun 2026 15:38
passengerprincess,PASSENGERPRINCESS,DANCE ALL NIGHT,11 Jun 2026 15:36
passengerprincess,PASSENGERPRINCESS,CREDIT CARD,11 Jun 2026 15:35
passengerprincess,PASSENGERPRINCESS,CREDIT CARD,10 Jun 2026 22:05
passengerprincess,PASSENGERPRINCESS,VENOMOUS,10 Jun 2026 22:03
passengerprincess,PASSENGERPRINCESS,TUMMY,10 Jun 2026 22:01
passengerprincess,PASSENGERPRINCESS,PUPPY 4EVER,10 Jun 2026 21:58
passengerprincess,PASSENGERPRINCESS,PREY,10 Jun 2026 21:55
passengerprincess,PASSENGERPRINCESS,4K CARPET,10 Jun 2026 21:53
passengerprincess,PASSENGERPRINCESS,FINALE,10 Jun 2026 21:50
passengerprincess,PASSENGERPRINCESS,DANCE ALL NIGHT,10 Jun 2026 21:48
passengerprincess,PASSENGERPRINCESS,CREDIT CARD,10 Jun 2026 21:44
passengerprincess,PASSENGERPRINCESS,VENOMOUS,10 Jun 2026 21:42
passengerprincess,PASSENGERPRINCESS,TUMMY,10 Jun 2026 21:40
passengerprincess,PASSENGERPRINCESS,PUPPY 4EVER,10 Jun 2026 21:37
passengerprincess,PASSENGERPRINCESS,PREY,10 Jun 2026 21:35
fur:trash,fur:core VI (tinnitus speedrun any% wr),your local menace to society,10 Jun 2026 18:17
Fresca,ULTIMATUM,K1LLFREE,10 Jun 2026 17:15
BRN1NG BRAIN SOUND INDUSTRIES,Breakcore Is Not a Good Way to Get Laid but a Little Less Swag,Kys (Keep Yourself Safe),10 Jun 2026 17:11
femtanyl,MURDER EVERY 1 U KNOW!,MURDER EVERY 1 U KNOW!,10 Jun 2026 17:09
SPARKLEWOLF RADIO,MISSED THE PUNCHLINE,MISSED THE PUNCHLINE,10 Jun 2026 17:06
MAILPUP,PUPPYPLAY!,PUPPYPLAY!,10 Jun 2026 17:02
femtanyl,P3T,P3T,10 Jun 2026 16:58
Fresca,ULTIMATUM,PLS JUST SUFF3R,10 Jun 2026 16:57
fur:trash,fur:core VII (puppy radio 24/7),hound down,10 Jun 2026 16:55
r u s s e l b u c k,RAVEPOP,EAT YOU UP,10 Jun 2026 16:53
fafficonvention2005,,EEPY HOWLLOW,10 Jun 2026 16:49
Phat Dix,,THE BRUH,10 Jun 2026 16:48
Explorers Of The Internet,,Lois,10 Jun 2026 16:48
Explorers Of The Internet,,Lil Jon has trouble with his math test,10 Jun 2026 16:48
Explorers Of The Internet,,Drum? And Bass,10 Jun 2026 16:47
HEWWO KITTY! >,,3c,10 Jun 2026 16:45
passengerprincess,PASSENGERPRINCESS,PREY,10 Jun 2026 14:15
passengerprincess,PASSENGERPRINCESS,4K CARPET,10 Jun 2026 14:13
passengerprincess,PASSENGERPRINCESS,FINALE,10 Jun 2026 14:10
passengerprincess,PASSENGERPRINCESS,DANCE ALL NIGHT,10 Jun 2026 14:07
passengerprincess,PASSENGERPRINCESS,CREDIT CARD,10 Jun 2026 14:04
Roy Ayers Ubiquity,Everybody Loves The Sunshine (Reissue),The Third Eye,10 Jun 2026 12:46
Kool & the Gang,Light Of Worlds,Rhyme-Tyme People,10 Jun 2026 12:43
Kool & the Gang,Light Of Worlds,Whiting H. & G.,10 Jun 2026 12:39
Sven Libaek,Barry 7's Connectors - 21 Rare Library Tracks,Solar Flares,10 Jun 2026 12:36
Luxury Elite,world class,s.w.a.k.,10 Jun 2026 12:32
Roy Ayers Ubiquity,Vibrations,Searching,10 Jun 2026 12:28
Deodato,Love Island,San Juan Sunset,10 Jun 2026 12:23
Cortex,Troupeau Bleu,Huit octobre 1971,10 Jun 2026 12:20
Blue Marker Bandit,,everything christians call evil fucking rocks,09 Jun 2026 22:07
moved to @sharkbarksss,,hypoglycemia (ft. fearozzles fauxx),09 Jun 2026 22:03
SPARKLEWOLF RADIO,,SILLY PUPPY!,09 Jun 2026 22:00
fur:trash,,old money bitch,09 Jun 2026 21:56
tdstr,,alone,09 Jun 2026 21:55
Desu,,//GHOST BOYS,09 Jun 2026 21:53
glitterpop,,WAG UR TAIL 2 THIS! (PAWS ON THE DANCEFLOOR!),09 Jun 2026 21:49
Spott,,Hollywood Yeen (feat. ida deerz),09 Jun 2026 21:46
theSpackster,,cookies n' cream,09 Jun 2026 21:44
GABUISLOST,,likeadrug,09 Jun 2026 21:41
621 gecs,,Femboifoxxx,09 Jun 2026 21:39
𝔭𝔞𝔰𝔰𝔢𝔫𝔤𝔢𝔯𝔭𝔯𝔦𝔫𝔠𝔢𝔰𝔰,,TUMMY,09 Jun 2026 21:36
Bailey,,hurtflesh3,09 Jun 2026 21:34
.Osaka,,Is It Casual Now ?,09 Jun 2026 21:32
ripDANCECLUB,,when the huzz see my gaming chair,09 Jun 2026 21:31
David Wojciechowski and Victor Fritzsche,Gato,Soft Rain,09 Jun 2026 18:44
David Wojciechowski and Victor Fritzsche,Gato,Tears of a Galaxy,09 Jun 2026 18:42
David Wojciechowski and Victor Fritzsche,Gato,Werewolf With Pants,09 Jun 2026 18:39
meta zak,,S3E6 all is fair in love and theystep +zak,09 Jun 2026 17:56
fauxx✨,,not fair,09 Jun 2026 17:55
furryconvention2005,,I AM A FURRY CONVENTION (FWA 2026 CYPHER),09 Jun 2026 17:54
Lavalamp Outhouse,,would have been huge in 2013,09 Jun 2026 17:53
Pira~!,,Way to you <3,09 Jun 2026 17:53
621 gecs,,femboifoxxx (ALIXI remix),09 Jun 2026 17:50
Hybrid Deluxe,,Raver's Awakening,09 Jun 2026 17:42
[-^v-] Attoclef,,Nightshade,09 Jun 2026 17:41
tn-shi,,Cyberfantasia,09 Jun 2026 17:40
The Quick Brown Fox,,The Big Black,09 Jun 2026 17:38
The Quick Brown Fox,,DAS LOVE BOP,09 Jun 2026 17:37
Truxton,,Canada Was The Largest Eurodance Market Outside Europe,09 Jun 2026 17:34
The Quick Brown Fox,,BRUTAL RHYTHM RIDER - 02 DAS LOVE BOP,09 Jun 2026 17:31
Feed Me Lots of Jamba Juice,,Gay Aunt Jane x 4lung,09 Jun 2026 17:29
NONSTOPWORLD 2,,russelbuck's 00s Hyper Rock Mix,09 Jun 2026 17:28
NONSTOPWORLD 2,,russelbuck's 00s Hyper Rock Mix,09 Jun 2026 17:18
621 gecs,,femboifoxxx (ALIXI remix),09 Jun 2026 17:15
dark cat 〜 BUBBLE TEA (GYNX VERSION)*,,･ﾟ✧*:･ﾟ✧,09 Jun 2026 17:13
01,,COLOR OF THE DRESS,09 Jun 2026 17:09
tdstr,,alone,09 Jun 2026 17:07
621 gecs,,femboifoxxx (loud equals funny vip),09 Jun 2026 17:05
Sophiaaaahjkl;8901,,Best Pony Ft. Metaroom,09 Jun 2026 17:04
AMØRA,,BREAKBEAT ME UP,09 Jun 2026 17:03
EGGPRIEST,,whoopsie,09 Jun 2026 17:01
Blue Marker Bandit,,everything christians call evil fucking rocks,09 Jun 2026 16:59
Barry White,Barry White Sings For Someone You Love,Playing Your Game Baby,09 Jun 2026 02:21
GABUISLOST,YOU AND I,YOU AND I,09 Jun 2026 01:13
The Doozers,D Major Teenager,D Major Teenager,09 Jun 2026 01:07
Betu,Not a Furry Album Cover,Falling Apart,09 Jun 2026 01:03
Kingsley Scanlon,i see you,being myself,09 Jun 2026 00:58
Betu,Paint it Black,Paint it Black,09 Jun 2026 00:55
Kingsley Scanlon,butterfly effect,hong kong,09 Jun 2026 00:51
AQUASINE,dark illinois,dark illinois,09 Jun 2026 00:46
Labirhin,MAU MAKAN APA (Original Soundtrack),Ini Lagi,09 Jun 2026 00:43
Drug Bug,a seasons end.,cut your hair,09 Jun 2026 00:40
Sam Cooper,Gilded Age,I Know What You're Thinking,09 Jun 2026 00:36
Hi I'm Chris,The Letdown,Big Sky!,09 Jun 2026 00:32
Kingsley Scanlon,i see you,next week,09 Jun 2026 00:28
SPARKLEWOLF RADIO,MISSED THE PUNCHLINE,MISSED THE PUNCHLINE,09 Jun 2026 00:26
Echowave,Makeup!,Hidden Spaces,09 Jun 2026 00:22
Spott,,Another Dimension Beyond Comprehension,08 Jun 2026 22:04
fur:trash,,old money bitch,08 Jun 2026 22:01
ida deerz,,PUPPY TF!!,08 Jun 2026 22:00
621 gecs,,Femboifoxxx,08 Jun 2026 21:57
ida deerz,,bogos binted (ft. 2a03fox & kaj strife),08 Jun 2026 21:54
kanemiko & Kyutatsuki & Aoi,,Fractal Vertex (From osu! mania 4K World Cup 2024 Grand Finals Tiebreaker),08 Jun 2026 21:48
Kurorak,,PYROMANIA,08 Jun 2026 21:47
《/nttld.,,beings》 ~Truth in Uncertainty,08 Jun 2026 21:40
tn-shi,,Cyberfantasia,08 Jun 2026 21:37
Kyotsugyon,,zylphexica,08 Jun 2026 21:35
glitterpop,,WAG UR TAIL 2 THIS! (PAWS ON THE DANCEFLOOR!),08 Jun 2026 21:34
rainsdeaf,,not,08 Jun 2026 21:33
Gynx,,BANGING A BANANA ON 15000 SNARE DRUMS (SEPTIX RMX),08 Jun 2026 21:32
Barry White,The Man,It's Only Love Doing Its Thing,08 Jun 2026 17:03
S.O.S. Band,S.O.S. III,Groovin' (That's What We're Doin'),08 Jun 2026 16:59
Andrew Hale,L.A. Noire Official Soundtrack,Main Theme,08 Jun 2026 16:56
FEEL MYSELF KILL MYSELF,,4lung,08 Jun 2026 16:52
Reizoko Cj,,Japan Style Breakcore!!!! (Ecchi-chan Remix),08 Jun 2026 16:51
MAILPUP basspet,,ARE YOU NASTY? (feat. IAN STARR & sixwing),08 Jun 2026 16:49
✳,,㏊㏊.. MÖNST3R,08 Jun 2026 16:47
Cotiles,,ENA MIX,08 Jun 2026 14:43
MAILPUP,,MTB,08 Jun 2026 14:42
MAILPUP,,MTB,08 Jun 2026 14:42
Septix,,ANIMAL,08 Jun 2026 14:38
Gynx,,SPEEDKORE LOVE STORY,08 Jun 2026 14:36
MAILPUP,,THIS ONE'S FOR THE 2000's FURRIES,08 Jun 2026 14:35
The Blackbyrds,City Life,All I Ask,07 Jun 2026 18:02
George Semper,Themes For Television Sports & Aerobics,Universe,07 Jun 2026 18:01
LOOPGARDEN,Noiris,Silhouettes,07 Jun 2026 17:58
Kool & the Gang,Kool and the Gang,Chocolate Buttermilk,07 Jun 2026 17:56
Ramp,Come Into Knowledge,Daylight,07 Jun 2026 17:52
James Brown,Black Caesar,Blind Man Can See It,07 Jun 2026 17:50
Piero Piccioni,Camille 2000 (Original Motion Picture Soundtrack),Easy Lovers,07 Jun 2026 17:46
Cortex,Troupeau Bleu,Prélude à Go Round,07 Jun 2026 17:42
Roy Ayers Ubiquity,Mystic Voyage,Mystic Voyage,07 Jun 2026 17:38
Roy Ayers Ubiquity,Vibrations,Vibrations,07 Jun 2026 17:35
Kool & the Gang,Light Of Worlds,Rhyme-Tyme People,07 Jun 2026 17:31
The Seatbelts,COWBOY BEBOP (Original Motion Picture Soundtrack 3 - Blue),Road To The West,07 Jun 2026 17:28
Roy Ayers Ubiquity,Everybody Loves The Sunshine (Reissue),Everybody Loves The Sunshine,07 Jun 2026 17:24
Barry White,The Man,It's Only Love Doing Its Thing,07 Jun 2026 17:20
S.O.S. Band,S.O.S. III,Groovin' (That's What We're Doin'),07 Jun 2026 17:16
The Blackbyrds,Action,Dreaming About You,07 Jun 2026 17:12
Haven't Thought,Even Out,Bad Men,07 Jun 2026 17:10
Frizk,I LIKE CHANGE,DOESN'T MATTER,07 Jun 2026 02:13
Betu,Paint it Black,Paint it Black,07 Jun 2026 02:09
Kingsley Scanlon,ode to o'toole,ode to o'toole,07 Jun 2026 02:07
Echowave,Sad Dream,Sad Dream,07 Jun 2026 02:03
Betu,Not a Furry Album Cover,Cry On My Own,07 Jun 2026 01:58
Dinner Time,Halfway Down,What's the Deal,07 Jun 2026 01:55
Kingsley Scanlon,i see you,vomit,07 Jun 2026 01:52
Echowave,Makeup!,Hidden Spaces,07 Jun 2026 01:48
GABUISLOST,all these faces,FOOL FOR YOU,07 Jun 2026 01:43
Dunni,Melt With You,Melt With You,07 Jun 2026 01:40
Dunni,So there's this girl,So there's this girl,07 Jun 2026 01:38
Labirhin,MOVING AWAY FROM PERFECT,THE STARS ARE FALLING,07 Jun 2026 01:34
Betu,Not a Furry Album Cover,Rudy Knows,07 Jun 2026 01:30
Betu,Ignore Me,Ignore Me,07 Jun 2026 01:27
Frizk,Take Me 2 Your Home,Take Me 2 Your Home,07 Jun 2026 01:24
Dunni,Butterflies,Butterflies,07 Jun 2026 01:17
Cyborg9K,Days Become Years,Albania,07 Jun 2026 01:13
Vertigoaway,,BREAK THIS THE BREAKING POINT 2 [BREAK CORPS 2],07 Jun 2026 01:09
Buddha Trixie,Shmoopie,Shmoopie,07 Jun 2026 01:05
The Doozers,School Store Promotions,He's a Robot,07 Jun 2026 01:02
Kingsley Scanlon,better luck next time!,that boy,07 Jun 2026 00:58
Otlo,I Wanna Disco Tonight,I Wanna Disco Tonight,07 Jun 2026 00:56
Haven't Thought,Out of Place,Out of Place,07 Jun 2026 00:52
Hi I'm Chris,The Letdown,Ballad of The Letdown,07 Jun 2026 00:48
Sam Cooper,Gilded Age,I Know What You're Thinking,07 Jun 2026 00:44
Betu,Not a Furry Album Cover,Alone,07 Jun 2026 00:41
Frizk,not askin 4 much,not askin 4 much,07 Jun 2026 00:39
Kingsley Scanlon,i see you,next year,07 Jun 2026 00:36
Drug Bug,I can't help myself / I can't stop loving you,I can't help myself,07 Jun 2026 00:33
Betu,Not a Furry Album Cover,Falling Apart,07 Jun 2026 00:29
621 gecs,Audiosquads '22,GOTH BITCH DUB,07 Jun 2026 00:25
sharkbarksss,interruptingmyself,interruptingmyself,07 Jun 2026 00:23
PatoFlamejanteTV,BGM for an Game that Doesn't Exists,Would You?,06 Jun 2026 15:35
fur:trash,SCHOOLYARD UNDERDOG,INTERNET PUPSTAR,06 Jun 2026 13:27
fur:trash,SCHOOLYARD UNDERDOG,LOST & FOUND,06 Jun 2026 12:23
Ninoo,Pattern (The Remixes),Pattern (inori Remix),06 Jun 2026 12:21
purity://filter,2024 BOOTLEG,scum,05 Jun 2026 20:30
fwPaul,,bad taste of hometown,05 Jun 2026 20:26
Jellyfish,,Stay in the frame,05 Jun 2026 20:24
Song maker boi ²,,Silly,05 Jun 2026 20:24
Explorers Of The Internet,,need feedback plz,05 Jun 2026 20:23
Explorers Of The Internet,,The Drop,05 Jun 2026 20:23
Dabunky,,lol krabby patties,05 Jun 2026 20:22
Moldae,,HEY SEXY BAILE,05 Jun 2026 20:19
DONKEY CUM COLLECTIVE,,Ad (VIP),05 Jun 2026 20:19
DONKEY CUM COLLECTIVE,,Ad,05 Jun 2026 20:19
Discord Call FX,,Rare 1 in 1 Million Variation,05 Jun 2026 20:18
Explorers Of The Internet,The Unfunnies III [Explicit],I'm going full Lego Build Mode™,05 Jun 2026 20:17
Explorers Of The Internet,The Unfunnies III [Explicit],The 808 Song!,05 Jun 2026 20:16
ambatukam,,ア​ン​バ​ト​ゥ​カ​ム,05 Jun 2026 20:15
Explorers Of The Internet,The Unfunnies I [Explicit],Intro,05 Jun 2026 20:14
Djeb,,relief,05 Jun 2026 20:14
Artifyber & (un)familiar.,particle accelerator type beat,particle accelerator type beat,05 Jun 2026 20:13
passengerprincess,,4K CARPET (rmx),05 Jun 2026 20:08
Spinecrusher,,MAKING MYSELF CLEAR,05 Jun 2026 20:07
50000000kHz SUICIDE (w,,LuLuYam),05 Jun 2026 20:05
Blue Marker Bandit,Late to the Party,Fuck Kanye West,05 Jun 2026 20:04
Octavea,,gambino's inferno,05 Jun 2026 20:02
GABUISLOST,,likeadrug,05 Jun 2026 20:01
GABUISLOST,,all these faces,05 Jun 2026 20:00
russelbuck HYPERPUP,,EAT YOU UP [HYPERPUP REMIX] (free dl),05 Jun 2026 20:00
𝔭𝔞𝔰𝔰𝔢𝔫𝔤𝔢𝔯𝔭𝔯𝔦𝔫𝔠𝔢𝔰𝔰,,CREDIT CARD,05 Jun 2026 19:58
MAILPUP,FANSERVICE,HARDER DADDY,05 Jun 2026 19:57
ida deerz,,bogos binted (ft. 2a03fox & kaj strife),05 Jun 2026 19:56
Shoebill,hikikomori days,fresh meat (remix of diet tea other cola),05 Jun 2026 19:53
wastelandpyro,,d0p4m1n3,05 Jun 2026 19:53
de C418,de Minecraft - Volume Alpha,Key,05 Jun 2026 12:13
de Coakira,de School Of Death,Adrenaline,05 Jun 2026 12:12
de Kobaryo,de SUPER WORLD REBOOT,SLOWFALL GUILLOTINE PROMPT,05 Jun 2026 12:11
de 3MOUTH,de RELIGIOUS XP,DJ NEXT DOOR,05 Jun 2026 12:11
k3plr,,show u WHAT I NEED [ur love tonite <3],05 Jun 2026 02:04
Octavea,,gambino's inferno,05 Jun 2026 02:01
AWOO (w,,RavePuppy),05 Jun 2026 01:57
Combine,,xe and u,05 Jun 2026 01:55
Svnth,,oh so u stole my pencil?? ...yeah imma get that back in blood,05 Jun 2026 01:53
Ducter,,I TOLD U I'D BE OKAY STOP ASKING,05 Jun 2026 01:48
Combine,深淵sampler vol.3,gender envy over jesse pinkmans goth landlord gf,05 Jun 2026 01:43
sharkbarksss,blood drives hillside,blood drives hillside,05 Jun 2026 01:41
Dreamdrop,,AROUND THE WRLD,05 Jun 2026 01:40
Shopkeeper,,4K CARPET [shopkeeper remix],05 Jun 2026 01:38
sharkbarksss,2prime,2prime,05 Jun 2026 01:34
RusselBuck,,EAT YOU UP (sharkbarksss remix),05 Jun 2026 01:33
Explorers Of The Internet,,Phone Sex VIP,05 Jun 2026 01:31
łūmä,,WE ARE CHARLIE KIRK,05 Jun 2026 01:30
Mr.Fricklebus,,we are charlie kirk,05 Jun 2026 01:27
Zozo,,CLARITY ZOZOCORE,05 Jun 2026 01:24
Memnicus,,SICKO MODE x BAD PIGGIES THEME,05 Jun 2026 01:23
Celestia,,WE ARE CHARLIE KIRK (Frenchcore),05 Jun 2026 01:21
🦁🔥TH3 PH0NK LI0N🔥🦁,,Skrillex & ISOXO - Fuze,05 Jun 2026 01:20
kdhd,,Skrillex Missy Elliott & Mr. Oizo - RATATA (KDHD Flatulence Flip),05 Jun 2026 01:20
Lil Kirk,,WE ARE CHARLIE KIRK,05 Jun 2026 01:19
🦁🔥TH3 PH0NK LI0N🔥🦁,,domer funk,05 Jun 2026 01:18
🦁🔥TH3 PH0NK LI0N🔥🦁,,We Are Charlie Kirk,05 Jun 2026 01:17
Explorers Of The Internet,,the really fucking cool intro music from car set 2 original soundtrack,05 Jun 2026 01:17
Resharia,,Timeless,05 Jun 2026 01:16
Phat Dix,,THE BRUH,05 Jun 2026 01:15
draft.__,,no more barcodes,05 Jun 2026 01:14
SPARKLEWOLF RADIO,,METALLIC MADNESS BAD FUTURE REMIX,05 Jun 2026 01:11
theSpackster » anthrocon,,POP! THAT! POOLTOY!,05 Jun 2026 01:11
621 gecs,,GOTH BITCH DUB,05 Jun 2026 01:10
Chris,,[MAOMAOCORE S1] CHRIS & RESHIRAM Ft. OSIRIZ - A Mashcore You Can't Dance Out,05 Jun 2026 01:05
fur:trash,,wanna fucking scream!!!,05 Jun 2026 01:04
MAILPUP,,NAMx (MAILPUP flip),03 Jun 2026 22:02
MAILPUP,,I REALLY REALLY REALLY HATE THE WORLD BUT THAT'S OK AT LEAST I'VE GOT MY GABBER DRUM,03 Jun 2026 22:01
MAILPUP,,WASP RAVE,03 Jun 2026 21:59
MAILPUP,,LET ME MAIL YOUR PACKAGE,03 Jun 2026 21:57
MAILPUP,,HEWWO KITTY! >:3c,03 Jun 2026 21:55
Vertigoaway,,crashed,03 Jun 2026 21:52
Vertigoaway,,the vile spawn-aborted,03 Jun 2026 21:50
Vertigoaway,,a lofty end,03 Jun 2026 21:49
Vertigoaway,,truly another track where someone pisses herself,03 Jun 2026 21:47
Vertigoaway,,the happenstance occurs in an unseemingly manner power withheld above all else dont think to hard,03 Jun 2026 21:43
Vertigoaway,,more unknown full of it,03 Jun 2026 21:42
Vertigoaway,,JUNGLEE SPIIT,03 Jun 2026 21:37
Vertigoaway,,FINAL CAT MEOW ULTIMATE,03 Jun 2026 21:36
Vertigoaway,,IN EFFEVT,03 Jun 2026 19:56
Vertigoaway,,unrefined brain activity huh,03 Jun 2026 19:55
Vertigoaway,,as as as as the springs...,03 Jun 2026 19:53
Vertigoaway,,wandering,03 Jun 2026 19:52
Vertigoaway,,anti-nepicarpy.tek,03 Jun 2026 19:50
Vertigoaway,,rebenge of the sighted,03 Jun 2026 19:48
Vertigoaway,,nev3r_end1ng,03 Jun 2026 19:47
Vertigoaway,,nev3r_end1ng,03 Jun 2026 18:48
Vertigoaway,,the well,03 Jun 2026 18:46
Vertigoaway,,remeowved something,03 Jun 2026 18:45
DJ MAMAMIA ROLA,,MTG O GALO CHUNKY [[ DJ MAMAMIA ROLA ]] 2023,03 Jun 2026 18:41
r u s s e l b u c k,,b-b-BASS DOWN LOW (GABBER TIME),03 Jun 2026 18:40
r u s s e l b u c k,,Just Be Competent,03 Jun 2026 18:37
r u s s e l b u c k,,b-b-BASS DOWN LOW,03 Jun 2026 18:35
r u s s e l b u c k,,Just Artist Struggles,03 Jun 2026 18:34
r u s s e l b u c k,,EAT YOU UP,03 Jun 2026 18:31
Desu,,my aether portal didnt work :( [CUTE CERVID VOL. 1],03 Jun 2026 18:28
glitterpop!,,ADHD MUSIC TO GET CANCELLED TO!!!,03 Jun 2026 18:26
ida deerz,,attitude,03 Jun 2026 18:25
Vertigoaway,,drowning timeline of the wavelength,03 Jun 2026 18:24
Script,,𝓉𝒽𝒶𝓃𝓀 𝓊 𝓃𝑒𝓍𝓉,03 Jun 2026 18:19
Script,,𝓉𝒽𝒶𝓃𝓀 𝓊 𝓃𝑒𝓍𝓉,03 Jun 2026 18:19
DeadSpecter,,I Wanna Take A Pic With Cardi B Inside My Cardigan - Lil Shordie Scott (Lyrics) TikTok Song,03 Jun 2026 18:10
4AM Funnies,,shadient be like,03 Jun 2026 18:10
proloxx,,windows breakcore - slowed,03 Jun 2026 18:07
Vertigoaway,,BREAK THIS THE BREAKING POINT 2 [BREAK CORPS 2],03 Jun 2026 18:05
Vertigoaway,,drowning timeline of the wavelength,03 Jun 2026 17:51
Vertigoaway,,kivkin it,03 Jun 2026 17:47
Vertigoaway,,sharding abt hrt shit,03 Jun 2026 17:45
Vertigoaway,,donkage,03 Jun 2026 17:42
Vertigoaway,,gali.9221,03 Jun 2026 17:38
Vertigoaway,,wavelength of my feelings pls feel my energy,03 Jun 2026 17:36
Vertigoaway,,chaotic aberration,03 Jun 2026 17:33
Vertigoaway,,d8imension hole,03 Jun 2026 17:32
Vertigoaway,,found the feeling,03 Jun 2026 17:30
Vertigoaway,,hexd landscape itself beats harder than a bleeding synth,03 Jun 2026 17:28
Vertigoaway,,DR GEARS,03 Jun 2026 17:26
Vertigoaway,,i never fukd a bih w a prolap,03 Jun 2026 17:23
Vertigoaway,,some kinda chiller hardcore,03 Jun 2026 17:22
Vertigoaway,,pls take ur shoes off b4 entering,03 Jun 2026 17:18
Vertigoaway,,DR GEARS,03 Jun 2026 16:29
Vertigoaway,,DR GEARS,03 Jun 2026 15:50
Vertigoaway,,i never fukd a bih w a prolap,03 Jun 2026 15:47
Vertigoaway,,some kinda chiller hardcore,03 Jun 2026 15:46
PatoFlamejanteTV,NOTMYTYPE,DVORAK,03 Jun 2026 13:20
PatoFlamejanteTV,NOTMYTYPE,QWERTY (Radio Edit),03 Jun 2026 13:19
PatoFlamejanteTV,NOTMYTYPE,ClearFlow™,03 Jun 2026 13:18
PatoFlamejanteTV,NOTMYTYPE,AZERTY,03 Jun 2026 13:17
blessedcrisis,PONYCRISIS,PONYCRISIS,02 Jun 2026 23:39
Lightris,Kwik Trip,Kwik Trip,02 Jun 2026 22:33
Tabby,,YEAR OF THE NAUGHTY FOX,02 Jun 2026 22:31
passengerprincess,,TUMMY,02 Jun 2026 22:05
passengerprincess,,DANCE ALL NIGHT,02 Jun 2026 22:03
passengerprincess,,PUPPY 4EVER,02 Jun 2026 22:00
passengerprincess,,PREY,02 Jun 2026 21:57
passengerprincess,,VENOMOUS,02 Jun 2026 21:56
passengerprincess,,VENOMOUS,02 Jun 2026 21:55
passengerprincess,,4K CARPET,02 Jun 2026 21:53
passengerprincess,,FINALE,02 Jun 2026 21:49
passengerprincess,,CREDIT CARD,02 Jun 2026 21:46
passengerprincess,,TUMMY,02 Jun 2026 21:44
passengerprincess,,DANCE ALL NIGHT,02 Jun 2026 21:41
passengerprincess,,PUPPY 4EVER,02 Jun 2026 21:39
passengerprincess,,PREY,02 Jun 2026 21:36
passengerprincess,,VENOMOUS,02 Jun 2026 21:34
SPARKLEWOLF RADIO,,ADOPT AND RAISE A CUTE PET!,02 Jun 2026 21:23
SPARKLEWOLF RADIO,,the music that plays in my dumb little critter brain,02 Jun 2026 21:20
SPARKLEWOLF RADIO,,CARAMELLDANSEN!!!,02 Jun 2026 21:18
SPARKLEWOLF RADIO,,GLITTER IS LOST! IT NEEDS UR HELP!,02 Jun 2026 21:15
SPARKLEWOLF RADIO,,CUTE SPARKLE GLITTER BREAK!!!,02 Jun 2026 21:13
SPARKLEWOLF RADIO,,LOUD AND GLITTERY (JUST HOW YOU LIKE IT),02 Jun 2026 21:11
SPARKLEWOLF RADIO,,AWAWAWAWA,02 Jun 2026 21:08
SPARKLEWOLF RADIO,,WAG UR TAIL 2 THIS! (PAWS UP ON THE DANCEFLOOR!),02 Jun 2026 21:04
SPARKLEWOLF RADIO,,GLITTER GLITTER GLITTER,02 Jun 2026 21:01
SPARKLEWOLF RADIO,,WOOF WOOF!,02 Jun 2026 20:58
SPARKLEWOLF RADIO,,retroslop!,02 Jun 2026 20:57
SPARKLEWOLF RADIO,,YOU KNOW WHAT?,02 Jun 2026 20:55
SPARKLEWOLF RADIO,,THEY'RE PLAYING PIANO IN THE DARK,02 Jun 2026 20:52
SPARKLEWOLF RADIO,,EVIL (KUZU WANTS YOU TO THINK THAT HE'S EVIL BUT HE'S REALLY JUST A SWEETHEART),02 Jun 2026 20:50
SPARKLEWOLF RADIO,,YOU THINK YOU CAN WIN WITH THAT BOARD?!,02 Jun 2026 20:46
SPARKLEWOLF RADIO,,DO THE OTTER DANCE!,02 Jun 2026 20:44
SPARKLEWOLF RADIO,,DO THE OTTER DANCE!,02 Jun 2026 16:17
SPARKLEWOLF RADIO,,IN YOUR ARMS,02 Jun 2026 16:14
SPARKLEWOLF RADIO,,EAT UR GUTZ!!!,02 Jun 2026 16:12
SPARKLEWOLF RADIO,,SODA POP FIZZ!,02 Jun 2026 16:09
SPARKLEWOLF RADIO,,HEY KUZU,02 Jun 2026 16:07
SPARKLEWOLF RADIO,,MADE WITH HONEY,02 Jun 2026 16:01
SPARKLEWOLF RADIO,,GLITTER IS TOO HYPER FOR PEARL!,02 Jun 2026 15:59
David Wojciechowski and Victor Fritzsche,,Soft Rain,01 Jun 2026 22:01
David Wojciechowski and Victor Fritzsche,,Tears of a Galaxy,01 Jun 2026 21:59
David Wojciechowski and Victor Fritzsche,,Gato,01 Jun 2026 21:55
David Wojciechowski and Victor Fritzsche,,Sea Bus,01 Jun 2026 21:53
David Wojciechowski and Victor Fritzsche,,Puzzle,01 Jun 2026 21:49
David Wojciechowski and Victor Fritzsche,,Airplane,01 Jun 2026 21:45
David Wojciechowski and Victor Fritzsche,,Do I Know You?,01 Jun 2026 21:44
David Wojciechowski and Victor Fritzsche,,Werewolf With Pants,01 Jun 2026 21:41
David Wojciechowski and Victor Fritzsche,,Friendly,01 Jun 2026 21:40
David Wojciechowski and Victor Fritzsche,,Soft Rain,01 Jun 2026 21:38
fur:trash,SCHOOLYARD UNDERDOG,PAINTING,01 Jun 2026 19:49
fur:trash,LOST DOG,parasite,01 Jun 2026 18:40
fur:trash,fur:core III (trap nation),the cashier looked at me weird i don't know if i can go back,01 Jun 2026 18:37
fur:trash,fur:break (remastered edition),alone in this world - remastered,01 Jun 2026 18:35
fur:trash,fur:break (remastered edition),k - remastered,01 Jun 2026 18:34
boksed,untitled compilation vol.1,supernova,01 Jun 2026 18:32
boksed,untitled compilation vol.1,caffeine rush,01 Jun 2026 18:30
usedcvnt,they called me Violet,they called me Violet,01 Jun 2026 14:01
AQUASINE,alien radio!!,alien radio!!,01 Jun 2026 12:58
sorakai,something evil will happen:RECODE,DIRECT0RY (H3LP3R's Database),01 Jun 2026 12:55
Zan,websurf,websurf,01 Jun 2026 12:52
usedcvnt,ultraviolet,inhuman,01 Jun 2026 12:50
hkmori,unrequited love,lost,01 Jun 2026 12:47
nicopatty,QWERTY,QWERTY,01 Jun 2026 12:44
Robot Koch,Light Bed (Circle 51),Light Bed (Circle 51),01 Jun 2026 12:39
Hania Rani,Non Fiction: I. Sonore - Animato - Meno Mosso,Non Fiction: I.I Sonore,01 Jun 2026 12:35
I'm Flying,goosebumps,goosebumps,01 Jun 2026 12:32
LochHaven,see you in heaven,see you in heaven,01 Jun 2026 12:30
Chihei Hatakeyama,Lucid Dreams,Dance Of The Ghosts,01 Jun 2026 12:26
Les,skycore,skycore,01 Jun 2026 12:23
NxxxxxS,No Way Out,No Way Out,01 Jun 2026 12:21
where??,Eternity,Eternity,01 Jun 2026 12:19
Kanye West,The College Dropout,Get Em High,01 Jun 2026 01:29
Kanye West,The College Dropout,Never Let Me Down,01 Jun 2026 00:22
Kanye West,The College Dropout,Jesus Walks,01 Jun 2026 00:19
Kanye West,The College Dropout,Spaceship,01 Jun 2026 00:13
Kanye West,The College Dropout,I'll Fly Away,01 Jun 2026 00:12
Kanye West,The College Dropout,All Falls Down,01 Jun 2026 00:08
Kanye West,The College Dropout,Graduation Day,01 Jun 2026 00:07
Kanye West,The College Dropout,We Don't Care,01 Jun 2026 00:03
Kanye West,BULLY,BULLY (feat. CeeLo Green),01 Jun 2026 00:01
Kanye West,BULLY,FATHER (feat. Travis Scott),31 May 2026 23:58
Kanye West,BULLY,THIS A MUST,31 May 2026 23:56
Kanye West,BULLY,KING,31 May 2026 23:54
Legião Urbana,Legião Urbana,Baader-Meinhof Blues,31 May 2026 14:05
Titãs,2 é demais,Diversão (ao vivo),31 May 2026 14:02
RPM,Revoluções Por Minuto,Olhar 43,31 May 2026 13:44
Os Paralamas Do Sucesso,Arquivo,Alagados,31 May 2026 13:37
Tanger,K1ll Somebody,K1LL SOMEBODY,31 May 2026 12:29
MetaCore,METACORE VOL. 1,perc of a lifetime,31 May 2026 12:27
Bloody Mercury,bloody events caused by traumatic experiences,bloody events caused by traumatic experiences,31 May 2026 12:23
fur:trash,fur:core VI (tinnitus speedrun any% wr),your local menace to society,31 May 2026 12:21
fur:trash,fur:core VII (puppy radio 24/7),scene kweenz,31 May 2026 12:18
fur:trash,LOST DOG,PUPLIFE,31 May 2026 12:15
femtanyl,MURDER EVERY 1 U KNOW!,MURDER EVERY 1 U KNOW!,31 May 2026 12:12
Bloody Mercury,poisonous scarlet night,poisonous scarlet night,31 May 2026 12:10
Fresca,ULTIMATUM,K1LLFREE,31 May 2026 12:09
BRN1NG BRAIN SOUND INDUSTRIES,Beach Funeral,Love /Lv/,31 May 2026 11:59
fur:trash,fur:core VII (puppy radio 24/7),wanna fucking scream!!!,31 May 2026 11:57
xaev,berdlycore chapter 3,toby fox discovers the hyperpop soundfont,31 May 2026 11:53
fur:trash,fur:core VII (puppy radio 24/7),old money bitch,31 May 2026 11:50
AQUASINE,MISSING TEXTURE,MISSING TEXTURE,30 May 2026 23:15
xaev,berdlycore chapter 2,they asked me how we got here i told them sir this is an arby's,30 May 2026 22:13
Les,skycore,skycore,30 May 2026 22:09
Øneheart,snowfall (Slowed + Reverb),snowfall (Slowed + Reverb),30 May 2026 22:07
where??,Eternity,Eternity,30 May 2026 22:06
Negol,ESPÍRITO SUJISMUNDO DO UNDERGROUND,ESPÍRITO SUJISMUNDO DO UNDERGROUND,30 May 2026 22:05
Negol,Minha Namorada é Muito Linda,Minha Namorada é Muito Linda,30 May 2026 22:04
hatevilão,Sentido ao Contrario,Pipipipipipipi,30 May 2026 22:03
alyzea,dream OS,r e f l e c t i o n s,30 May 2026 21:59
MedaSin,sounds,magic,30 May 2026 21:53
KLSR,Bliss,Bliss,30 May 2026 21:51
mishoangelo,VHS,FEEL GOOD,30 May 2026 21:48
JACAL,escape,escape,30 May 2026 21:44
buijy,Not That Im Nywhere,Not That Im Nywhere,30 May 2026 21:42
Euology,Logic,Logic,30 May 2026 21:37
JACAL,Resonance (Midwest Emo Version),Resonance - Midwest Emo Version,30 May 2026 21:34
Zorrovian,BIOS,BIOS,30 May 2026 21:28
Izmi Maruf,Last Breath in Forest,Last Breath in Forest,30 May 2026 21:26
Thatone,magic (Slowed),magic - Slowed,30 May 2026 21:24
Berserk,Mind Control,Mind Control,30 May 2026 21:22
JACAL,dreamcollider,are you okay?,30 May 2026 21:18
13 Miles,xscape (slowed & reverb),xscape - slowed & reverb,30 May 2026 21:16
Zachariehs,Asleep In Space,Asleep In Space,30 May 2026 21:11
David Wojciechowski and Victor Fritzsche,,Soft Rain,29 May 2026 22:09
David Wojciechowski and Victor Fritzsche,,Tears of a Galaxy,29 May 2026 22:07
David Wojciechowski and Victor Fritzsche,,Gato,29 May 2026 22:03
David Wojciechowski and Victor Fritzsche,,Sea Bus,29 May 2026 22:00
David Wojciechowski and Victor Fritzsche,,Puzzle,29 May 2026 21:57
David Wojciechowski and Victor Fritzsche,,Airplane,29 May 2026 21:53
David Wojciechowski and Victor Fritzsche,,Do I Know You?,29 May 2026 21:52
David Wojciechowski and Victor Fritzsche,,Werewolf With Pants,29 May 2026 21:49
David Wojciechowski and Victor Fritzsche,,Friendly,29 May 2026 21:48
MAILPUP,,PROTECC ATTACC SEXYBACC,29 May 2026 21:45
MAILPUP,,ASS UP!,29 May 2026 21:43
allendo051,O QUE ACONTECE NA THE CHOICE,O QUE ACONTECE NA THE CHOICE,29 May 2026 20:10
allendo051,O QUE ACONTECE NA THE CHOICE,O QUE ACONTECE NA THE CHOICE,29 May 2026 19:49
fur:trash,fur:core VII (puppy radio 24/7),ravestate_909,29 May 2026 16:18
ODECORE,HEAVY LOVE (ODECORE MIX),HEAVY LOVE - Slowed & Reverbed,29 May 2026 16:16
stxlkin,so bitter,so bitter,29 May 2026 16:14
Clover!,Pretty Scene Girl!,Pretty Scene Girl!,29 May 2026 16:11
Rebzyyx,I'm so crazy for youuu </3,I'm so crazy for youuu </3,29 May 2026 16:09
fur:trash,,anesthetic,29 May 2026 16:02
fur:trash,,nothing makes sense and i'm lost,29 May 2026 16:00
fur:trash,,funnycore twerkhouse,29 May 2026 15:58
fur:trash,,21,29 May 2026 15:56
fur:trash,,z-mecha [original],29 May 2026 15:54
fur:trash,,who's afraid?,29 May 2026 15:51
fur:trash,,puppydog's lament,29 May 2026 15:49
fur:trash,,LONG LIVE THE KING,29 May 2026 15:45
fur:trash,,supa girl racer 5,29 May 2026 15:43
fur:trash,,this is the daria i've ever made,29 May 2026 15:41
fur:trash,,nice opinion one small issue,29 May 2026 15:40
fur:trash,,nice opinion one small issue,28 May 2026 22:01
fur:trash,,bitingmynails / bitingmylips,28 May 2026 21:59
fur:trash,,your local menace to society,28 May 2026 21:56
fur:trash,,v0id,28 May 2026 21:54
fur:trash,,gr!ndcore or something idk im hxrny,28 May 2026 21:52
fur:trash,,black tar heroin,28 May 2026 21:50
fur:trash,,nah i'm out of title ideas,28 May 2026 21:46
fur:trash,,stay high,28 May 2026 21:43
fur:trash,,AUTISM BE DAMNED!,28 May 2026 21:41
fur:trash,,sadb0i dariacore,28 May 2026 21:39
fur:trash,,tinnitus speedrun any% wr [w/ touqai kgb ninoo & shimoda],28 May 2026 21:36
fur:trash,,tinnitus speedrun any% wr [w/ touqai kgb ninoo & shimoda],28 May 2026 21:35
fur:trash,,supa girl racer 5,28 May 2026 21:33
fur:trash,,anesthetic,28 May 2026 21:31
fur:trash,,classically trained in dariacore,28 May 2026 16:38
fur:trash,,PUPLIFE,28 May 2026 16:35
eightiesheadachetape,,in and of itself,28 May 2026 15:51
eightiesheadachetape,,labyrinth,28 May 2026 15:47
eightiesheadachetape,,i can not find my jacket,28 May 2026 15:46
eightiesheadachetape,,i wish that i learned how to draw so i could be making things that look nice instead of this,28 May 2026 15:44
eightiesheadachetape,,what we did in the desert,28 May 2026 15:39
eightiesheadachetape,,the end of clear ice,28 May 2026 15:36
eightiesheadachetape,,the bowling alley,28 May 2026 15:34
Nedaj,Fuji,fuji,28 May 2026 01:36
CactusTeam,Catalog Heaven,Jersey Nova,28 May 2026 01:13
Akiba,LOST DREAMS,カガミ,28 May 2026 00:34
Black Balloons,escape FM,FINAL FANTASY,28 May 2026 00:31
mindvacy,loneliness solved with a flash,loneliness solved with a flash,28 May 2026 00:25
Deathbrain,fantasy noises & perfect delusions,my room is upside down,28 May 2026 00:23
CactusTeam,Catalog Heaven,Jersey Nova,28 May 2026 00:11
RundownSD,THE FINAL STRATEGY,THE FINAL STRATEGY,28 May 2026 00:09
paperkitty,PaperKitty Originals 2021-2022,Sugarcube Hailstorm,28 May 2026 00:06
nicopatty,nico's nextbots vol. 3 (original soundtrack),video game lobby,28 May 2026 00:05
Frizk,Frizk Fundamentals!,Frizk Fundamentals!,28 May 2026 00:03
sorakai,Something Evil Will Happen OST Vol. 1,Unbreakable,28 May 2026 00:01
sorakai,Something Evil Will Happen OST Vol. 1,Watch Your Step,27 May 2026 23:57
sorakai,Something Evil Will Happen OST Vol. 1,Blam-Oh!,27 May 2026 23:54
sorakai,Something Evil Will Happen OST Vol. 1,Get Up!!,27 May 2026 23:51
sorakai,Something Evil Will Happen OST Vol. 1,Fun In The Sun!,27 May 2026 23:49
sorakai,Something Evil Will Happen OST Vol. 1,ZOMG?!,27 May 2026 23:45
sorakai,Something Evil Will Happen OST Vol. 1,Where You Were,27 May 2026 23:43
sorakai,Something Evil Will Happen OST Vol. 1,Diginova,27 May 2026 23:41
sorakai,Something Evil Will Happen OST Vol. 1,Adrenaline,27 May 2026 23:39
sorakai,Something Evil Will Happen OST Vol. 1,Glory To All,27 May 2026 23:37
sorakai,Something Evil Will Happen OST Vol. 1,Weary,27 May 2026 23:35
ida deerz,,over it now!,27 May 2026 22:02
ida deerz,,make it make sense!,27 May 2026 21:59
ida deerz,,5mg EEn,27 May 2026 21:57
ida deerz,,the CONE ZONE!,27 May 2026 21:54
ida deerz,,8080 West,27 May 2026 21:52
ida deerz,,8080 East,27 May 2026 21:47
ida deerz,,Changes,27 May 2026 21:39
ida deerz,,this time!,27 May 2026 21:34
Autechre,Incunabula,Kalpol Introl,27 May 2026 17:35
Autechre,Incunabula,Kalpol Introl,27 May 2026 17:34
llwll,Harakiri Hotline,llwll_us4,27 May 2026 16:31
Akiba,LOST DREAMS,人々の繋がり,27 May 2026 16:29
GNB CHILI,Basement Popstar,Save Me,27 May 2026 16:27
allendo051,MUITO BASTANTE AURA,AMOSTRADINHA,27 May 2026 16:11
Bruttus,Moranguete Abacatudo 67 42,Moranguete Abacatudo 67 42,27 May 2026 16:09
Kanye West,Lift Yourself,Lift Yourself,27 May 2026 12:58
ida deerz,,this time!,26 May 2026 22:05
ida deerz,,ask dennis!,26 May 2026 22:00
ida deerz,,camp hill PA,26 May 2026 21:57
ida deerz,,over it now!,26 May 2026 21:54
ida deerz,,make it make sense!,26 May 2026 21:51
ida deerz,,5mg EEn,26 May 2026 21:49
ida deerz,,the CONE ZONE!,26 May 2026 21:46
ida deerz,,8080 West,26 May 2026 21:43
Frizk,,Tryondas Galaxy,26 May 2026 21:41
Frizk,,Your Local Forecast 1133,26 May 2026 21:38
Frizk,,Select Your Car!,26 May 2026 21:36
David Wojciechowski and Victor Fritzsche,,Puzzle,26 May 2026 20:49
David Wojciechowski and Victor Fritzsche,,Sea Bus,26 May 2026 20:47
David Wojciechowski and Victor Fritzsche,,Gato,26 May 2026 20:44
David Wojciechowski and Victor Fritzsche,,Airplane,26 May 2026 20:40
David Wojciechowski and Victor Fritzsche,,Do I Know You?,26 May 2026 20:39
David Wojciechowski and Victor Fritzsche,,Friendly,26 May 2026 20:38
David Wojciechowski and Victor Fritzsche,,Werewolf With Pants,26 May 2026 20:34
David Wojciechowski and Victor Fritzsche,,Soft Rain,26 May 2026 20:29
allendo051,MUITO BASTANTE AURA,LÁ ELE,26 May 2026 17:36
allendo051,MUITO BASTANTE AURA,AMOSTRADINHA,26 May 2026 17:20
STOMACH BOOK,GOODNIGHT HYPNOPOMP,PAPER DOLLS,26 May 2026 13:45
allendo051,MUITO BASTANTE AURA,LÁ ELE,26 May 2026 13:38
JVNLIII,DEFCON,Storm,26 May 2026 13:21
Steve Lacy,The Lo-Fis,Out of Me Head,26 May 2026 12:42
Dominic Fike,Don't Forget About Me Demos,Babydoll,26 May 2026 12:40
Malcolm Todd,Sweet Boy,Sweet Boy,26 May 2026 12:37
Esqueleteka,S h i t t K i n g,P r o t a g o n i s t a 2 !,26 May 2026 12:32
Esqueleteka,S h i t t K i n g,E u N ã o A t r a i o!,26 May 2026 12:29
JVNLIII,DEFCON,Storm,26 May 2026 12:20
llwll,No Longer Human,No Longer Human,26 May 2026 12:14
Akiba,000,i know you're lying,26 May 2026 12:12
Black Balloons,care4me,care4me,26 May 2026 12:10
GNB CHILI,Basement Popstar,Blazing in the Dark,26 May 2026 12:07
Negol,Calça Skinny Freestyle,Calça Skinny Freestyle,26 May 2026 12:04
allendo051,O QUE ACONTECE NA THE CHOICE,O QUE ACONTECE NA THE CHOICE,26 May 2026 12:02
DJ Michael,BANDIDO QUER 67 RESENHA,BANDIDO QUER 67 RESENHA,26 May 2026 12:01
Shimuda,BAD ENDING FUNK,BAD ENDING FUNK,26 May 2026 12:00
F.Y.O.U.,É o gordin,É o gordin,26 May 2026 11:59
CkireD,BANANA,BANANA,26 May 2026 11:57
MC Souza,67,67,26 May 2026 11:55
CadX,FARMEI AURA NA ESCOLA FUNK,FARMEI AURA NA ESCOLA FUNK - Slowed,26 May 2026 11:53
allendo051,10/10 QUE GOSTA DE MEME,10/10 QUE GOSTA DE MEME,26 May 2026 11:51
DJ J7 DO LZ,bandido quer chocolex,bandido quer chocolex,26 May 2026 11:50
allendo051,BUENOS DIAS,SUCESSO,26 May 2026 11:47
allendo051,AURAMUNDO,PRO BETA NÃO SOBROU NADA,26 May 2026 11:45
allendo051,AURAMUNDO,VBUCKS,26 May 2026 11:42
allendo051,AURAMUNDO,A ADM É TOP,26 May 2026 11:40
allendo051,AURAMUNDO,MODO SICKO SEVEN,26 May 2026 11:37
allendo051,AURAMUNDO,AURAAAAAAAAAAA,26 May 2026 11:36
allendo051,AURAMUNDO,10/10 QUE GOSTA DE MEME 2,26 May 2026 11:34
allendo051,AURAMUNDO,AIR FRYER,26 May 2026 11:32
allendo051,AURAMUNDO,AURAAAAAAAAAAA,26 May 2026 11:29
allendo051,MUITO BASTANTE AURA,CHOCOLEXX,26 May 2026 11:27
allendo051,MUITO BASTANTE AURA,OVERDOSE DE MONSTER,26 May 2026 11:25
allendo051,MUITO BASTANTE AURA,TROPA DO TOMATE,26 May 2026 11:23
allendo051,MUITO BASTANTE AURA,LÁ ELE,26 May 2026 11:21
allendo051,MUITO BASTANTE AURA,DÓ RÉ MI FA SOL LA SIX SEVEN,26 May 2026 11:20
allendo051,MUITO BASTANTE AURA,MAKITA,26 May 2026 11:17
allendo051,MUITO BASTANTE AURA,AMOSTRADINHA,26 May 2026 11:15
Ira!,Acústico Ira!,Tarde Vazia (feat. Samuel Rosa) - Versão Acústica,26 May 2026 01:20
Ira!,Acústico Ira!,Tarde Vazia (feat. Samuel Rosa) - Versão Acústica,26 May 2026 00:36
AZALI,Voices From the True World II,BATTLE UNDER A BROKEN SKY,25 May 2026 23:46
AJ DiSpirito,Murder Drones Volume 3 (Original Webseries Soundtrack),BITE ME,25 May 2026 23:46
Negol,EU SÓ FAÇO SIX SEVEN,EU SÓ FAÇO SIX SEVEN,25 May 2026 23:46
Esqueleteka,Renegade,Renegade,25 May 2026 23:43
enmiosis,Quimera,Emissão de Energia Vital,25 May 2026 22:58
luvdyann,sdds de casa,sdds de casa,25 May 2026 22:56
Pary!,clima hostil,clima hostil,25 May 2026 22:55
Morganawm,copy/right,copy/right,25 May 2026 22:52
allendo051,AURAMUNDO,MODO SICKO SEVEN,25 May 2026 22:49
Yubel,yubel mixtape,Owned By Damballa,25 May 2026 22:46
Negol,SANJI SUJISMUNDO DO UNDERGROUND,SANJI SUJISMUNDO DO UNDERGROUND,25 May 2026 22:45
Negol,EU SÓ FAÇO SIX SEVEN,EU SÓ FAÇO SIX SEVEN,25 May 2026 22:41
CkireD,SABIO,SABIO,25 May 2026 22:38
allendo051,O QUE ACONTECE NA THE CHOICE,O QUE ACONTECE NA THE CHOICE,25 May 2026 22:37
allendo051,MUITO BASTANTE AURA,CHOCOLEXX,25 May 2026 22:35
allendo051,MUITO BASTANTE AURA,OVERDOSE DE MONSTER,25 May 2026 22:33
allendo051,MUITO BASTANTE AURA,TROPA DO TOMATE,25 May 2026 22:31
Bobbing,,Threat Level Midnight,25 May 2026 22:04
Bobbing,,Distant Rumbling / Closing Remarks,25 May 2026 22:02
Bobbing,,Hypemanda Mk I,25 May 2026 22:01
Bobbing,,Ah Uh Oh,25 May 2026 22:00
Bobbing,,Do You Have Cowboy Hat,25 May 2026 21:58
Bobbing,,Snaggle Tooth,25 May 2026 21:57
Bobbing,,Mastodon Matador,25 May 2026 21:55
Bobbing,,Near Death Bossa Nova,25 May 2026 21:55
Bobbing,,Tous Les Jours,25 May 2026 21:53
Bobbing,,Bad at Texting / World's Last Mango Juul Pod,25 May 2026 21:51
Bobbing,,The Big Unit,25 May 2026 21:49
Bobbing,,Kelly's Dungeon,25 May 2026 21:48
Bobbing,,Introductory Remarks,25 May 2026 21:46
Bobbing,,Cool Hold Music,25 May 2026 21:45
Bobbing,,Sweet Thing,25 May 2026 21:43
Bobbing,,What Went Weird,25 May 2026 21:41
Bobbing,,Threat Level Midnight,25 May 2026 21:40
Bobbing,,Distant Rumbling / Closing Remarks,25 May 2026 21:38
Bobbing,,Hypemanda Mk I,25 May 2026 21:37
SPARKLEWOLF RADIO,,kindanervous (>~<),25 May 2026 21:35
allendo051,MUITO BASTANTE AURA,LÁ ELE,25 May 2026 21:22
allendo051,MUITO BASTANTE AURA,LÁ ELE,25 May 2026 21:14
allendo051,MUITO BASTANTE AURA,DÓ RÉ MI FA SOL LA SIX SEVEN,25 May 2026 21:13
allendo051,MUITO BASTANTE AURA,MAKITA,25 May 2026 21:10
allendo051,MUITO BASTANTE AURA,AMOSTRADINHA,25 May 2026 21:08
ida deerz,,ask dennis!,25 May 2026 21:04
allendo051,MUITO BASTANTE AURA,AMOSTRADINHA,25 May 2026 20:44
Esqueleteka,SHITTHARD,Shittstar,25 May 2026 20:40
passengerprincess,,PREY,25 May 2026 19:52
passengerprincess,,VENOMOUS,25 May 2026 19:50
fur:trash,fur:core VII (puppy radio 24/7),old money bitch,25 May 2026 19:48
ida deerz,Idaidaida II,8080 West,25 May 2026 19:44
MAILPUP,,BORIS JOHNSON DEATH INCANTATION,25 May 2026 12:52
MAILPUP,,LET ME MAIL YOUR PACKAGE,25 May 2026 12:51
MAILPUP,,HARDER DADDY,25 May 2026 12:48
GNB CHILI,,Ok Go Crazy (Fallen Mix),25 May 2026 12:46
GNB CHILI,,Bleeding,25 May 2026 12:43
GNB CHILI,,Prayer,25 May 2026 12:40
GNB CHILI,,Let Me Go,25 May 2026 12:36
GNB CHILI,,Sky,25 May 2026 12:33
GNB CHILI,,Descended,25 May 2026 12:30
goreshit,Tomboyish Love for Soda Pop and Apple Sweets (Digipak),winkles twinkle,25 May 2026 12:27
Esqueleteka,BEBÊ REBORN.,BEBÊ REBORN.,25 May 2026 12:24
Mc CJ Forte Abraço,Tropa U.C.B.R,Tropa U.C.B.R,25 May 2026 12:22
Esqueleteka,SHITTHARD,Shittground,25 May 2026 12:20
Esqueleteka,O Bonde,Carta de amor pro fortnite,25 May 2026 12:18
Esqueleteka,SHITTKING demo,8º ESQUISITO,25 May 2026 12:16
Esqueleteka,CLASH ROYALE,CLASH ROYALE,25 May 2026 12:14
Esqueleteka,SHITTHARD,Direitos de um Therian,25 May 2026 12:12
Esqueleteka,Clash Royale (Speed up),Clash Royale - Speed up,25 May 2026 12:10
David Wojciechowski and Victor Fritzsche,,Airplane,24 May 2026 00:40
David Wojciechowski and Victor Fritzsche,,Do I Know You?,24 May 2026 00:40
David Wojciechowski and Victor Fritzsche,,Puzzle,24 May 2026 00:32
David Wojciechowski and Victor Fritzsche,,Friendly,24 May 2026 00:31
David Wojciechowski and Victor Fritzsche,,Tears of a Galaxy,24 May 2026 00:30
David Wojciechowski and Victor Fritzsche,,Gato,24 May 2026 00:26
David Wojciechowski and Victor Fritzsche,,Soft Rain,24 May 2026 00:21
David Wojciechowski and Victor Fritzsche,,Sea Bus,24 May 2026 00:19
David Wojciechowski and Victor Fritzsche,,Werewolf With Pants,24 May 2026 00:16
David Wojciechowski and Victor Fritzsche,,Friendly,24 May 2026 00:15
David Wojciechowski and Victor Fritzsche,,Airplane,24 May 2026 00:11
David Wojciechowski and Victor Fritzsche,,Puzzle,24 May 2026 00:08
David Wojciechowski and Victor Fritzsche,,Do I Know You?,24 May 2026 00:07
ida deerz,,over it now!,23 May 2026 23:19
ida deerz,,ask dennis!,23 May 2026 23:14
ida deerz,,8080 West,23 May 2026 23:12
ida deerz,,8080 East,23 May 2026 23:08
ida deerz,,5mg EEn,23 May 2026 23:06
ida deerz,,Changes,23 May 2026 23:00
ida deerz,,8080 West,23 May 2026 22:58
ida deerz,,8080 East,23 May 2026 22:54
eel valley,,flowers,23 May 2026 22:53
eel valley,,dead to me,23 May 2026 22:51
eel valley,,the lake,23 May 2026 22:49
eel valley,,crater,23 May 2026 22:47
eel valley,,flowers,23 May 2026 22:46
eel valley,,dead to me,23 May 2026 22:44
eel valley,,crater,23 May 2026 22:43
eel valley,,the lake,23 May 2026 22:40
eel valley,,flowers,23 May 2026 22:39
eel valley,,dead to me,23 May 2026 22:38
eel valley,,the lake,23 May 2026 22:36
eel valley,,crater,23 May 2026 22:34
eel valley,,flowers,23 May 2026 22:33
eel valley,,dead to me,23 May 2026 22:31
eel valley,,crater,23 May 2026 22:29
eel valley,,the lake,23 May 2026 22:27
eel valley,,dead to me,23 May 2026 22:25
eel valley,,flowers,23 May 2026 22:25
eel valley,,crater,23 May 2026 22:23
eel valley,,the lake,23 May 2026 22:20
eel valley,,flowers,23 May 2026 22:19
eel valley,,dead to me,23 May 2026 22:18
eel valley,,the lake,23 May 2026 22:16
eel valley,,crater,23 May 2026 22:14
eel valley,,flowers,23 May 2026 22:13
eel valley,,dead to me,23 May 2026 22:11
SPARKLEWOLF RADIO,,METALLIC MADNESS (BAD FUTURE),22 May 2026 22:07
SPARKLEWOLF RADIO,,the music that plays in my dumb little critter brain,22 May 2026 22:06
SPARKLEWOLF RADIO,,EAT UR GUTZ!!!,22 May 2026 22:04
SPARKLEWOLF RADIO,,SILLY PUPPY!,22 May 2026 22:01
SPARKLEWOLF RADIO,,retroslop!,22 May 2026 22:00
SPARKLEWOLF RADIO,,kindanervous (>~<),22 May 2026 21:58
SPARKLEWOLF RADIO,,SPANK YOUR LOCAL SPARKLEWOLF!,22 May 2026 21:56
SPARKLEWOLF RADIO,,FRUTIGER ANGEL!,22 May 2026 21:54
SPARKLEWOLF RADIO,,HAHAHAHAHAHAHAHAHAHA,22 May 2026 21:52
SPARKLEWOLF RADIO,,MADE WITH HONEY,22 May 2026 21:45
SPARKLEWOLF RADIO,,not programmed to love,22 May 2026 21:42
SPARKLEWOLF RADIO,,TUG ON MY LEASH!,22 May 2026 21:41
SPARKLEWOLF RADIO,,METALLIC MADNESS (BAD FUTURE),22 May 2026 21:39
SPARKLEWOLF RADIO,,RIP UR FKN PAWS OFF!,22 May 2026 21:37
SPARKLEWOLF RADIO,,YOU THINK YOU CAN WIN WITH THAT BOARD?!,22 May 2026 21:36
SPARKLEWOLF RADIO,,YOU THINK YOU CAN WIN WITH THAT BOARD?!,22 May 2026 15:54
SPARKLEWOLF RADIO,,OFF THE LEASH!,22 May 2026 15:51
SPARKLEWOLF RADIO,,MARBLE HORNETS,22 May 2026 15:48
SPARKLEWOLF RADIO,,WHIMPER FOR ME,22 May 2026 15:47
SPARKLEWOLF RADIO,,retroslop!,22 May 2026 15:46
SPARKLEWOLF RADIO,,FRUTIGER ANGEL!,22 May 2026 15:43
SPARKLEWOLF RADIO,,kindanervous (>~<),22 May 2026 15:41
SPARKLEWOLF RADIO,,HAHAHAHAHAHAHAHAHAHA,22 May 2026 15:40
SPARKLEWOLF RADIO,,the music that plays in my dumb little critter brain,22 May 2026 15:38
SPARKLEWOLF RADIO,,SPANK YOUR LOCAL SPARKLEWOLF!,22 May 2026 15:36
SPARKLEWOLF RADIO,,SILLY PUPPY!,22 May 2026 15:33
SPARKLEWOLF RADIO,,EAT UR GUTZ!!!,22 May 2026 15:31
David Wojciechowski and Victor Fritzsche,,Gato,21 May 2026 22:07
David Wojciechowski and Victor Fritzsche,,Airplane,21 May 2026 22:04
David Wojciechowski and Victor Fritzsche,,Tears of a Galaxy,21 May 2026 22:02
David Wojciechowski and Victor Fritzsche,,Friendly,21 May 2026 22:01
David Wojciechowski and Victor Fritzsche,,Werewolf With Pants,21 May 2026 21:59
David Wojciechowski and Victor Fritzsche,,Puzzle,21 May 2026 21:56
David Wojciechowski and Victor Fritzsche,,Sea Bus,21 May 2026 21:54
David Wojciechowski and Victor Fritzsche,,Gato,21 May 2026 21:51
David Wojciechowski and Victor Fritzsche,,Do I Know You?,21 May 2026 21:50
David Wojciechowski and Victor Fritzsche,,Soft Rain,21 May 2026 21:46
David Wojciechowski and Victor Fritzsche,,Airplane,21 May 2026 21:43
David Wojciechowski and Victor Fritzsche,,Friendly,21 May 2026 21:42
David Wojciechowski and Victor Fritzsche,,Puzzle,21 May 2026 21:40
David Wojciechowski and Victor Fritzsche,,Tears of a Galaxy,21 May 2026 21:38
David Wojciechowski and Victor Fritzsche,,Werewolf With Pants,21 May 2026 15:52
David Wojciechowski and Victor Fritzsche,,Soft Rain,21 May 2026 15:47
David Wojciechowski and Victor Fritzsche,,Gato,21 May 2026 15:44
David Wojciechowski and Victor Fritzsche,,Sea Bus,21 May 2026 15:41
David Wojciechowski and Victor Fritzsche,,Do I Know You?,21 May 2026 15:40
David Wojciechowski and Victor Fritzsche,,Airplane,21 May 2026 15:37
David Wojciechowski and Victor Fritzsche,,Tears of a Galaxy,21 May 2026 15:35
David Wojciechowski and Victor Fritzsche,,Friendly,21 May 2026 15:34
David Wojciechowski and Victor Fritzsche,,Puzzle,21 May 2026 15:31
David Wojciechowski and Victor Fritzsche,,Soft Rain,21 May 2026 14:27
David Wojciechowski and Victor Fritzsche,,Sea Bus,21 May 2026 14:24
David Wojciechowski and Victor Fritzsche,,Werewolf With Pants,21 May 2026 14:21
David Wojciechowski and Victor Fritzsche,,Gato,21 May 2026 14:18
David Wojciechowski and Victor Fritzsche,,Friendly,21 May 2026 14:17
David Wojciechowski and Victor Fritzsche,,Tears of a Galaxy,21 May 2026 14:15
David Wojciechowski and Victor Fritzsche,,Do I Know You?,21 May 2026 14:14
David Wojciechowski and Victor Fritzsche,,Airplane,21 May 2026 14:10
David Wojciechowski and Victor Fritzsche,,Puzzle,21 May 2026 14:07
David Wojciechowski and Victor Fritzsche,,Soft Rain,21 May 2026 14:02
David Wojciechowski and Victor Fritzsche,,Sea Bus,21 May 2026 14:00
David Wojciechowski and Victor Fritzsche,,Werewolf With Pants,21 May 2026 13:56
ida deerz,,8080 West,20 May 2026 23:55
David Wojciechowski and Victor Fritzsche,,Soft Rain,20 May 2026 22:09
David Wojciechowski and Victor Fritzsche,,Werewolf With Pants,20 May 2026 22:06
David Wojciechowski and Victor Fritzsche,,Gato,20 May 2026 22:03
David Wojciechowski and Victor Fritzsche,,Friendly,20 May 2026 22:02
David Wojciechowski and Victor Fritzsche,,Airplane,20 May 2026 21:58
David Wojciechowski and Victor Fritzsche,,Sea Bus,20 May 2026 21:56
David Wojciechowski and Victor Fritzsche,,Puzzle,20 May 2026 21:52
David Wojciechowski and Victor Fritzsche,,Do I Know You?,20 May 2026 21:51
ida deerz,,everybody hates shitfart666,20 May 2026 21:51
ida deerz,,teamkill (w/ kaj strife),20 May 2026 21:48
ida deerz,,bogos binted (w/ 2a03fox & kaj strife),20 May 2026 21:45
ida deerz,,attitude,20 May 2026 21:44
ida deerz,,borkycore (w/ kaj strife),20 May 2026 21:42
ida deerz,,shitfart666 (w/ kaj strife),20 May 2026 21:40
ida deerz,,ask dennis!,19 May 2026 22:04
ida deerz,,over it now!,19 May 2026 22:01
ida deerz,,8080 West,19 May 2026 21:58
ida deerz,,the CONE ZONE!,19 May 2026 21:56
ida deerz,,this time!,19 May 2026 21:49
ida deerz,,Changes,19 May 2026 18:08
r u s s e l b u c k,RAVEPOP,b-b-BASS DOWN LOW,19 May 2026 00:03
ida deerz,,Changes,18 May 2026 22:00
ida deerz,,camp hill PA,18 May 2026 21:58
ida deerz,,5mg EEn,18 May 2026 21:55
ida deerz,,make it make sense!,18 May 2026 21:53
ida deerz,,over it now!,18 May 2026 21:50
ida deerz,,ask dennis!,18 May 2026 21:45
ida deerz,,8080 East,18 May 2026 21:41
ida deerz,,8080 West,18 May 2026 21:38
SPARKLEWOLF RADIO,,RIP UR FKN PAWS OFF!,18 May 2026 21:37
SPARKLEWOLF RADIO,,SPANK YOUR LOCAL SPARKLEWOLF!,18 May 2026 21:36
SPARKLEWOLF RADIO,,METALLIC MADNESS (BAD FUTURE),18 May 2026 21:25
SPARKLEWOLF RADIO,,EAT UR GUTZ!!!,18 May 2026 21:23
SPARKLEWOLF RADIO,,YOU THINK YOU CAN WIN WITH THAT BOARD?!,18 May 2026 21:19
SPARKLEWOLF RADIO,,FRUTIGER ANGEL!,18 May 2026 21:17
SPARKLEWOLF RADIO,,retroslop!,18 May 2026 21:15
SPARKLEWOLF RADIO,,not programmed to love,18 May 2026 21:13
SPARKLEWOLF RADIO,,OFF THE LEASH!,18 May 2026 21:09
sneke ☆,,built in ear candy techniques,17 May 2026 19:18
Turis,,Locations of the UNREAL ENGINE error script in hello neighbor,17 May 2026 19:16
JuneCPU,,Making Estrogen In Minecraft But After The Lobotomy,17 May 2026 19:15
Zonodark,,Como a Internet Solucionou um Mistério de 14 Anos Explicado,17 May 2026 19:09
DankPods,,The Sad Speaker Showdown,17 May 2026 19:05
SPARKLEWOLF RADIO,,rainbowz x3!!!,17 May 2026 19:04
Avit,,ur the reason im this way,17 May 2026 19:00
AZALI,,full music making process,17 May 2026 18:57
PatoFlamejanteTV,,thirsty (lipsync test),17 May 2026 18:56
PatoFlamejanteTV,,torção,17 May 2026 18:55
Manual do Mundo,,FIZEMOS a BOLA PERFEITA de FIGURINHAS da COPA!,17 May 2026 18:54
PatoFlamejanteTV,,Ondas,17 May 2026 18:52
PatoFlamejanteTV,,BGM for an Game that Doesn't Exists (Full EP),17 May 2026 18:52
SPARKLEWOLF RADIO,,ANTONYMPH!,17 May 2026 18:49
SmokingEssy7887,,Shout Out To Sparklewolfradio,17 May 2026 18:48
SPARKLEWOLF RADIO,,RAISED THRU THE INTERNET!,17 May 2026 18:45
SPARKLEWOLF RADIO,,DOKTORSPIELE 4 SPARKLEFURS!!!,17 May 2026 18:41
GABUISLOST - Topic,,goodbyeee,17 May 2026 18:40
Glyde,,Latte,17 May 2026 18:39
HowdyHarmonica,,Glitterpop is back at it again… | commentary vid,17 May 2026 18:37
nekozunaburner2023,,nekozuna grooming situation,17 May 2026 18:36
Euology - Topic,,Loading screen,17 May 2026 18:35
Devoun,,He hid something in his roblox game...,17 May 2026 18:34
Euology - Topic,,Loading screen,17 May 2026 18:34
Euology - Topic,,Logic,17 May 2026 18:33
usedcvnt,,overthinking,17 May 2026 18:31
usedcvnt,,wonderfulcore,17 May 2026 18:27
usedcvnt,,disappearing until i feel better,17 May 2026 18:25
usedcvnt,,illusion of control,17 May 2026 18:22
usedcvnt,,kittens,17 May 2026 18:19
usedcvnt,,143 ways to lose urself,17 May 2026 18:18
usedcvnt,,they called me Violet,17 May 2026 18:14
usedcvnt,,inhuman,17 May 2026 18:12
usedcvnt,,just leave me to bleed,17 May 2026 18:09
4evrx,,i drank the wrong potion,17 May 2026 18:07
usedcvnt,,pls tell me what is ur dream,17 May 2026 18:05
usedcvnt,,just leave me to bleed,17 May 2026 18:04
strxwberrymilk,,The Sky Is Purple,17 May 2026 18:03
strxwberrymilk,,Pink Skirts Are Really Sweet,17 May 2026 17:59
strxwberrymilk,,Parking Stress,17 May 2026 17:58
SPARKLEWOLF RADIO,,IN THE FINAL CUT,17 May 2026 17:57
SPARKLEWOLF RADIO,,ITS THEME,17 May 2026 17:53
SPARKLEWOLF RADIO,,GLITTER IS LOST! IT NEEDS UR HELP!,17 May 2026 17:49
SPARKLEWOLF RADIO,,LOUD AND GLITTERY (JUST HOW YOU LIKE IT),17 May 2026 17:47
SPARKLEWOLF RADIO,,WAG UR TAIL 2 THIS! (PAWS UP ON THE DANCEFLOOR!),17 May 2026 17:44
SPARKLEWOLF RADIO,,CUTE SPARKLE GLITTER BREAK!!!,17 May 2026 17:36
SPARKLEWOLF RADIO,,PEACE AMIDST THE CHAOS,17 May 2026 17:33
SPARKLEWOLF RADIO,,GL1773R ERROR CRASH LOG,17 May 2026 17:32
SPARKLEWOLF RADIO,,WORTH IT ALL,17 May 2026 17:29
ida deerz,,over it now!,17 May 2026 14:39
ida deerz,,8080 West,17 May 2026 14:36
ida deerz,,the CONE ZONE!,17 May 2026 14:33
ida deerz,,camp hill PA,17 May 2026 14:31
ida deerz,,Changes,17 May 2026 14:23
ida deerz,,this time!,17 May 2026 14:17
ida deerz,,ask dennis!,17 May 2026 14:12
ida deerz,,make it make sense!,17 May 2026 14:10
ida deerz,,8080 East,17 May 2026 14:06
PatoFlamejanteTV,BGM for an Game that Doesn't Exists,Roommate,17 May 2026 14:05
PatoFlamejanteTV,BGM for an Game that Doesn't Exists,Would You?,17 May 2026 14:05
PatoFlamejanteTV,BGM for an Game that Doesn't Exists,Ammateur,17 May 2026 14:05
PatoFlamejanteTV,BGM for an Game that Doesn't Exists,Would You?,17 May 2026 14:04
ida deerz,,8080 West,17 May 2026 14:03
ida deerz,,over it now!,17 May 2026 14:00
ida deerz,,the CONE ZONE!,17 May 2026 13:57
ida deerz,,5mg EEn,17 May 2026 13:55
ida deerz,,Changes,17 May 2026 13:47
ida deerz,,camp hill PA,17 May 2026 13:45
ida deerz,,this time!,17 May 2026 13:43
ida deerz,,this time!,16 May 2026 20:09
ida deerz,,ask dennis!,16 May 2026 20:04
ida deerz,,over it now!,16 May 2026 20:00
ida deerz,,make it make sense!,16 May 2026 19:58
ida deerz,,8080 West,16 May 2026 19:40
ida deerz,,8080 East,16 May 2026 19:37
SPARKLEWOLF RADIO,,OFF THE LEASH!,16 May 2026 19:34
SPARKLEWOLF RADIO,,WHIMPER FOR ME,16 May 2026 19:32
SPARKLEWOLF RADIO,,the music that plays in my dumb little critter brain,16 May 2026 19:30
SPARKLEWOLF RADIO,,METALLIC MADNESS (BAD FUTURE),16 May 2026 19:28
SPARKLEWOLF RADIO,,MARBLE HORNETS,16 May 2026 19:24
SPARKLEWOLF RADIO,,HAHAHAHAHAHAHAHAHAHA,16 May 2026 19:22
SPARKLEWOLF RADIO,,kindanervous (>~<),16 May 2026 19:18
SPARKLEWOLF RADIO,,EAT UR GUTZ!!!,16 May 2026 19:16
SPARKLEWOLF RADIO,,MADE WITH HONEY,16 May 2026 19:13
SPARKLEWOLF RADIO,,RIP UR FKN PAWS OFF!,15 May 2026 15:34
SPARKLEWOLF RADIO,,YOU THINK YOU CAN WIN WITH THAT BOARD?!,15 May 2026 15:31
SPARKLEWOLF RADIO,,not programmed to love,15 May 2026 15:29
SPARKLEWOLF RADIO,,retroslop!,15 May 2026 15:27
SPARKLEWOLF RADIO,,OFF THE LEASH!,15 May 2026 15:24
SPARKLEWOLF RADIO,,SILLY PUPPY!,15 May 2026 15:19
SPARKLEWOLF RADIO,,the music that plays in my dumb little critter brain,15 May 2026 15:17
SPARKLEWOLF RADIO,,WHIMPER FOR ME,15 May 2026 15:14
SPARKLEWOLF RADIO,,SPANK YOUR LOCAL SPARKLEWOLF!,15 May 2026 15:12
SPARKLEWOLF RADIO,,FRUTIGER ANGEL!,15 May 2026 15:09
SPARKLEWOLF RADIO,,TUG ON MY LEASH!,15 May 2026 15:07
ida deerz,,Changes,15 May 2026 15:06
ida deerz,,this time!,15 May 2026 15:00
ida deerz,,ask dennis!,15 May 2026 14:55
ida deerz,,(intro),15 May 2026 14:55
ida deerz,,over it now!,15 May 2026 14:50
ida deerz,,make it make sense!,15 May 2026 14:47
ida deerz,,(cassette flip),15 May 2026 14:47
ida deerz,,camp hill PA,15 May 2026 14:45
ida deerz,,ask dennis!,15 May 2026 14:40
ida deerz,,5mg EEn,15 May 2026 14:37
ida deerz,,8080 West,15 May 2026 14:34
ida deerz,,the CONE ZONE!,15 May 2026 14:32
ida deerz,,8080 East,15 May 2026 14:28
ida deerz,,Changes,15 May 2026 14:25
ida deerz,,Changes,15 May 2026 14:11
ida deerz,,make it make sense!,15 May 2026 14:11
strxwberrymilk,,MP40 (Rawlin' Mix),15 May 2026 14:10
strxwberrymilk onacide,,strxwberrymilk onacide - Go With The Flow,15 May 2026 14:09
strxwberrymilk,,Meteor feat. Meeno Wave,15 May 2026 14:05
strxwberrymilk,,Blowing My Mind,15 May 2026 14:03
strxwberrymilk,,Turn Up feat. Andy Pls,15 May 2026 14:01
strxwberrymilk,,Go With The Flow,15 May 2026 13:58
strxwberrymilk,,Sienteme Estoy Aqui,15 May 2026 13:55
strxwberrymilk,,Rejected,15 May 2026 01:04
Pisca,,Is your online persona an untamed unfiltered version of yourself?,14 May 2026 21:48
goreshit,,crunch bunch car crash,13 May 2026 21:54
goreshit,,betty boothroyd's holiday dancer,13 May 2026 21:49
goreshit,,you're just being weird for the sake of it.,13 May 2026 21:47
goreshit,,(still) too young,13 May 2026 21:42
goreshit,,woah! (watch the paintwork),13 May 2026 21:40
Valve Studio Orchestra,,The Art of War,13 May 2026 21:39
Valve Studio Orchestra,,Dapper Cadaver,13 May 2026 21:38
Valve Studio Orchestra,,It Hates Me So Much,13 May 2026 21:35
r u s s e l b u c k,,b-b-BASS DOWN LOW,12 May 2026 22:06
r u s s e l b u c k,,FLY WITH ME,12 May 2026 22:03
r u s s e l b u c k,,Evil Music For BAD DOGS,12 May 2026 22:01
goreshit,,(still) too young,12 May 2026 21:56
usedcvnt,,taste of blood (w/ Sabuze),12 May 2026 21:54
usedcvnt,,kittens,12 May 2026 21:52
usedcvnt,,disappearing until i feel better,12 May 2026 21:49
usedcvnt,,overthinking,12 May 2026 21:46
usedcvnt,,limited in love (w/ AKIBA),12 May 2026 21:44
usedcvnt,,pls tell me what is ur dream (w/ Eden FM),12 May 2026 21:40
usedcvnt,,illusion of control (w/ Iwakura),11 May 2026 22:03
usedcvnt,,i want to eat ur heart couse i love u,11 May 2026 22:01
usedcvnt,,disappearing until i feel better,11 May 2026 21:59
usedcvnt,,limited in love (w/ AKIBA),11 May 2026 21:56
usedcvnt,,pls tell me what is ur dream (w/ Eden FM),11 May 2026 21:53
usedcvnt,,sorry mom i'm making breakcore xd,11 May 2026 21:51
usedcvnt,,yours forever (w/ abyssal.angel),11 May 2026 21:49
usedcvnt,,Inhuman (w/ aak3),11 May 2026 21:47
usedcvnt,,you're my friend now (w/ DXRKWRLD),11 May 2026 21:44
usedcvnt,,kittens,11 May 2026 21:42
usedcvnt,,taste of blood (w/ Sabuze),11 May 2026 21:40
usedcvnt,,just leave me to bleed,11 May 2026 21:37
usedcvnt,,it's 2am i can't sleep (/w Enkei),11 May 2026 21:36
GNB CHILI,,OK Go Crazy - Winter Mix,11 May 2026 21:35
GNB CHILI,,OK Go Crazy - Winter Mix,08 May 2026 22:08
GNB CHILI,,bye,08 May 2026 22:05
GNB CHILI,,Anxiety3,08 May 2026 22:02
GNB CHILI,,anything 2,08 May 2026 21:59
GNB CHILI,,Never,08 May 2026 21:55
GNB CHILI,,OK Go Crazy - Winter Mix,08 May 2026 21:52
GNB CHILI,,bye,08 May 2026 21:49
usedcvnt,,first love theory,08 May 2026 21:45
usedcvnt,,first love theory,08 May 2026 21:41
usedcvnt,,first love theory,08 May 2026 21:37
usedcvnt,,yours forever (w/ abyssal.angel),08 May 2026 15:58
usedcvnt,,first love theory,08 May 2026 15:54
usedcvnt,,illusion of control (w/ Iwakura),08 May 2026 15:52
usedcvnt,,taste of blood (w/ Sabuze),08 May 2026 15:50
usedcvnt,,i need 2 feel reality,08 May 2026 15:48
usedcvnt,,total jealous void,08 May 2026 15:45
usedcvnt,,tired of myself,08 May 2026 15:40
usedcvnt,,disappear like everyone else,08 May 2026 15:38
usedcvnt,,143 ways to lose urself,08 May 2026 15:36
usedcvnt,,Inhuman (w/ aak3),08 May 2026 15:34
usedcvnt,,disappearing until i feel better,08 May 2026 15:32
usedcvnt,,disappearing until i feel better,07 May 2026 22:04
usedcvnt,,problem after problem and over and over,07 May 2026 22:01
usedcvnt,,wake up Violet,07 May 2026 21:59
usedcvnt,,overthinking,07 May 2026 21:55
usedcvnt,,usedcvnt abyssal.angel - yours forever,07 May 2026 21:52
usedcvnt,,i need 2 feel reality,07 May 2026 21:50
goreshit,,death of the candy raver,07 May 2026 21:47
goreshit,,(still) too young,07 May 2026 21:42
goreshit,,banfield's crazy fingers,07 May 2026 21:37
goreshit,,woah! (watch the paintwork),07 May 2026 21:36
goreshit,,you're just being weird for the sake of it.,07 May 2026 21:35
Frizk,,Select Your Car!,07 May 2026 15:51
Frizk,,Blue Raspberry Field,07 May 2026 15:49
Frizk,,give it a little more,07 May 2026 15:47
Frizk,,Your Local Forecast 1133,07 May 2026 15:43
Frizk,,I Wish It Were Colder,07 May 2026 15:42
Frizk,,I Wish It Were Colder,06 May 2026 22:06
Frizk,,Tryondas Galaxy,06 May 2026 22:04
Frizk,,Beach Nearby (Intermission),06 May 2026 22:01
Frizk,,Select Your Car!,06 May 2026 21:59
Frizk,,By The Trees,06 May 2026 21:56
Frizk,,Blue Raspberry Field,06 May 2026 21:55
Frizk,,I Wish It Were Colder,06 May 2026 21:53
Frizk,,I Wish It Were Colder,06 May 2026 14:17
Frizk,,Your Local Forecast 1133,06 May 2026 14:14
Frizk,,give it a little more,06 May 2026 14:12
Frizk,,Select Your Car!,06 May 2026 14:10
Frizk,,Beach Nearby (Intermission),06 May 2026 14:07
Frizk,,Tryondas Galaxy,06 May 2026 14:05
Frizk,,I Wish It Were Colder,06 May 2026 14:03
Frizk,,By The Trees,06 May 2026 14:02
Frizk,,By The Trees,05 May 2026 22:05
Frizk,,Blue Raspberry Field,05 May 2026 22:03
usedcvnt,,illusion of control (w/ Iwakura),05 May 2026 22:01
usedcvnt,,yours forever (w/ abyssal.angel),05 May 2026 21:58
usedcvnt,,sorry mom i'm making breakcore xd,05 May 2026 21:56
usedcvnt,,overthinking,05 May 2026 21:52
usedcvnt,,143 ways to lose urself,05 May 2026 21:50
usedcvnt,,pls tell me what is ur dream (w/ Eden FM),05 May 2026 21:46
usedcvnt,,you're my friend now (w/ DXRKWRLD),05 May 2026 21:44
usedcvnt,,taste of blood (w/ Sabuze),05 May 2026 21:42
GNB CHILI,,Mix Soda (Bonus Track),04 May 2026 22:07
GNB CHILI,,Cream Soda!,04 May 2026 22:05
GNB CHILI,,THE DAWN,04 May 2026 22:00
GNB CHILI,,Bubble Bobble!,04 May 2026 21:57
GNB CHILI,,Overdosed (Anxiety),04 May 2026 21:52
GNB CHILI,,Mix Soda (Bonus Track),04 May 2026 21:49
GNB CHILI,,THE DAWN,04 May 2026 21:44
GNB CHILI,,Bubble Bobble!,04 May 2026 21:42
GNB CHILI,,Cream Soda!,04 May 2026 21:39
GNB CHILI,,Overdosed (Anxiety),04 May 2026 15:46
usedcvnt,,epicenter of happiness,30 Apr 2026 22:09
usedcvnt,,antidote,30 Apr 2026 22:05
usedcvnt,,a tear at eventide (w/ Bendel),30 Apr 2026 22:03
usedcvnt,,total jealous void,30 Apr 2026 22:00
usedcvnt,,tired of myself,30 Apr 2026 21:56
usedcvnt,,rumination,30 Apr 2026 21:52
usedcvnt,,first love theory,30 Apr 2026 21:48
usedcvnt,,antidote,30 Apr 2026 21:45
usedcvnt,,epicenter of happiness,30 Apr 2026 21:41
usedcvnt,,aesthetics of self-destruction,30 Apr 2026 21:39
usedcvnt,,it will be cloudy forever,30 Apr 2026 21:38
usedcvnt,,it will be cloudy forever,30 Apr 2026 15:49
usedcvnt,,tired of myself,30 Apr 2026 15:45
usedcvnt,,total jealous void,30 Apr 2026 15:42
usedcvnt,,rumination,30 Apr 2026 15:37
usedcvnt,,a tear at eventide (w/ Bendel),30 Apr 2026 15:35
usedcvnt,,aesthetics of self-destruction,30 Apr 2026 15:32
usedcvnt,,first love theory,30 Apr 2026 15:28
usedcvnt,,antidote,29 Apr 2026 22:02
usedcvnt,,epicenter of happiness,29 Apr 2026 21:59
r u s s e l b u c k,,HERE FOR A GOOD TIME NOT A LONG TIME,29 Apr 2026 21:56
r u s s e l b u c k,,FLY WITH ME,29 Apr 2026 21:53
r u s s e l b u c k,,IN DA DOGHOUSE,29 Apr 2026 21:51
r u s s e l b u c k,,EAT YOU UP,29 Apr 2026 21:49
r u s s e l b u c k,,Just Be Competent,29 Apr 2026 21:46
r u s s e l b u c k,,Evil Music For BAD DOGS,29 Apr 2026 21:44
r u s s e l b u c k,,HERE FOR A GOOD TIME NOT A LONG TIME,29 Apr 2026 21:41
r u s s e l b u c k,,b-b-BASS DOWN LOW,29 Apr 2026 21:39
r u s s e l b u c k,,FLY WITH ME,29 Apr 2026 21:37
r u s s e l b u c k,,HERE FOR A GOOD TIME NOT A LONG TIME,29 Apr 2026 21:34
r u s s e l b u c k,,Evil Music For BAD DOGS,29 Apr 2026 21:32
MAILPUP,,MY DOG RUNS ON SOYLENT,29 Apr 2026 19:39
MAILPUP,,WASP RAVE,29 Apr 2026 19:38
Frizk,,Your Local Forecast 1133,29 Apr 2026 19:21
Frizk,,give it a little more,29 Apr 2026 19:20
Frizk,,give it a little more,29 Apr 2026 15:29
Frizk,,Tryondas Galaxy,28 Apr 2026 18:05
Frizk,,Select Your Car!,28 Apr 2026 18:04
Frizk,,Select Your Car!,27 Apr 2026 22:04
Frizk,,Beach Nearby (Intermission),27 Apr 2026 22:01
Frizk,,give it a little more,27 Apr 2026 21:59
Frizk,,I Wish It Were Colder,27 Apr 2026 21:57
Frizk,,Blue Raspberry Field,27 Apr 2026 21:55
Frizk,,Your Local Forecast 1133,27 Apr 2026 21:52
Frizk,,Tryondas Galaxy,27 Apr 2026 21:49
Frizk,,By The Trees,27 Apr 2026 21:47
goreshit,,banfield's crazy fingers,27 Apr 2026 21:42
goreshit,,stop me if you've heard this one.,27 Apr 2026 21:40
goreshit,,death of the candy raver,27 Apr 2026 21:36
availax,,zenology-addiction,27 Apr 2026 18:37
goreshit,,crunch bunch car crash,27 Apr 2026 18:04
goreshit,,banfield's crazy fingers,27 Apr 2026 18:00
goreshit,,woah! (watch the paintwork),27 Apr 2026 17:59
goreshit,,stop me if you've heard this one.,27 Apr 2026 17:56
goreshit,,(still) too young,27 Apr 2026 17:51
goreshit,,death of the candy raver,27 Apr 2026 17:50
goreshit,,crunch bunch car crash,27 Apr 2026 17:47
goreshit,,total fucking stabbage,27 Apr 2026 14:13
goreshit,,(still) too young,27 Apr 2026 14:08
goreshit,,woah! (watch the paintwork),27 Apr 2026 14:07
goreshit,,betty boothroyd's holiday dancer,27 Apr 2026 14:04
goreshit,,the eternal march of the bastard squad,27 Apr 2026 14:02
goreshit,,banfield's crazy fingers,27 Apr 2026 13:58
goreshit,,you're just being weird for the sake of it.,27 Apr 2026 13:55
goreshit,,all's well that ends well,27 Apr 2026 13:54
goreshit,,death of the candy raver,27 Apr 2026 13:50
goreshit,,stop me if you've heard this one.,27 Apr 2026 13:46
goreshit,,woah! (watch the paintwork),26 Apr 2026 18:58
goreshit,,crunch bunch car crash,26 Apr 2026 18:55
goreshit,,(still) too young,26 Apr 2026 18:52
Frizk,,Fusion Core,23 Apr 2026 22:07
Frizk,,Closing Up,23 Apr 2026 22:06
Frizk,,Real Fellas,23 Apr 2026 22:05
Frizk,,I Feel Alright,23 Apr 2026 22:03
Frizk,,Bright Stuff,23 Apr 2026 22:02
Frizk,,Rainy Day,23 Apr 2026 22:00
Frizk,,Flashback,23 Apr 2026 21:58
Frizk,,I Feel Alive,23 Apr 2026 21:56
Frizk,,Bitrate,23 Apr 2026 21:54
Frizk,,Please Hold,23 Apr 2026 21:53
Frizk,,Leave u GONE,23 Apr 2026 21:52
Frizk,,I Know I Hear You,23 Apr 2026 21:49
Frizk,,Closing Up,23 Apr 2026 21:48
Frizk,,Bright Stuff,23 Apr 2026 21:47
Frizk,,Gorveve,23 Apr 2026 21:45
Frizk,,Fusion Core,23 Apr 2026 21:42
Frizk,,Real Fellas,23 Apr 2026 21:41
Frizk,,I Feel Alright,23 Apr 2026 21:39
goreshit,,banfield's crazy fingers,23 Apr 2026 21:37
goreshit,,betty boothroyd's holiday dancer,23 Apr 2026 21:35
goreshit,,too young,23 Apr 2026 19:14
goreshit,,all's well that ends well,23 Apr 2026 19:13
MAILPUP,,ASS UP!,23 Apr 2026 18:12
MAILPUP,,LET ME MAIL YOUR PACKAGE,23 Apr 2026 18:10
MAILPUP,,DRAIN PUPPY MAIL ME IMMEDIATELY,23 Apr 2026 18:09
fur:trash,,new notification dopamine,23 Apr 2026 18:08
goreshit,,the eternal march of the bastard squad,23 Apr 2026 17:37
goreshit,,death of the candy raver,23 Apr 2026 17:33
goreshit,,banfield's crazy fingers,23 Apr 2026 17:29
goreshit,,crunch bunch car crash,23 Apr 2026 17:26
goreshit,,you're just being weird for the sake of it.,23 Apr 2026 17:23
goreshit,,woah!,23 Apr 2026 15:54
goreshit,,all's well that ends well,23 Apr 2026 15:53
goreshit,,stop me if you've heard this one.,23 Apr 2026 15:50
goreshit,,betty boothroyd's holiday dancer,23 Apr 2026 15:48
goreshit,,too young,23 Apr 2026 15:43
goreshit,,death of the candy raver,23 Apr 2026 15:39
goreshit,,the eternal march of the bastard squad,23 Apr 2026 15:37
goreshit,,banfield's crazy fingers,23 Apr 2026 15:33
goreshit,,total fucking stabbage,23 Apr 2026 15:30
goreshit,,crunch bunch car crash,23 Apr 2026 15:28
goreshit,,total fucking stabbage,22 Apr 2026 22:02
goreshit,,woah!,22 Apr 2026 22:00
goreshit,,all's well that ends well,22 Apr 2026 21:59
goreshit,,too young,22 Apr 2026 21:54
goreshit,,crunch bunch car crash,22 Apr 2026 21:51
goreshit,,banfield's crazy fingers,22 Apr 2026 21:47
goreshit,,stop me if you've heard this one.,22 Apr 2026 21:45
goreshit,,betty boothroyd's holiday dancer,22 Apr 2026 21:42
goreshit,,death of the candy raver,22 Apr 2026 21:38
goreshit,,the eternal march of the bastard squad,22 Apr 2026 21:35
goreshit,,you're just being weird for the sake of it.,22 Apr 2026 21:34
fur:trash,,anesthetic,22 Apr 2026 21:33
fur:trash,,tinnitus speedrun any% wr,22 Apr 2026 19:26
fur:trash,,supa girl racer 5,22 Apr 2026 19:23
fur:trash,,nothing makes sense and i'm lost,22 Apr 2026 19:21
fur:trash,,feeling lucky,22 Apr 2026 19:20
Hellripper,,Hunderprest,22 Apr 2026 19:17
Frizk,,Beach Nearby,22 Apr 2026 18:53
xaptiox,,soup,22 Apr 2026 17:36
usedcvnt,,i need 2 feel reality,22 Apr 2026 17:33
No Agreements,,GnB Chili - Save Me,22 Apr 2026 17:30
hkmori,,0xff,22 Apr 2026 17:30
theuppermostinlife,,Ftlframe - Subterranean Loner,22 Apr 2026 16:50
Akiba,,MOOGCiTY,22 Apr 2026 16:48
GNB CHILI,,Blazing in the Dark,22 Apr 2026 16:46
eightiesheadachetape,,what we did in the desert,22 Apr 2026 16:41
68+1,,here I am,22 Apr 2026 16:39
xaptiox,,ariaMATH - xaptiox,22 Apr 2026 16:37
eightiesheadachetape,,the bowling alley,22 Apr 2026 16:35
S777N,,s777n - remains of a corrupted file,22 Apr 2026 16:32
ソルス,,Yung Lain - Ciel,22 Apr 2026 16:28
IX Fall$,,IX FALL$ - buried yet so frail,22 Apr 2026 16:26
usedcvnt,,i need 2 feel reality,22 Apr 2026 16:23
68+1,,your eyes,22 Apr 2026 16:21
Missing Music,,Emray - About 10 Hours of making Breakcore,22 Apr 2026 16:20
Ezekiel,,help_urself,22 Apr 2026 16:18
Vertigoaway,,FINAL CAT MEOW ULTIMATE,22 Apr 2026 16:17
usedcvnt,,wake up Violet,22 Apr 2026 16:15
usedcvnt,,wonderful ending see u later,22 Apr 2026 16:11
usedcvnt,,wonderfulcore,22 Apr 2026 16:08
PatoFlamejanteTV,,Ammateur,22 Apr 2026 16:07
PatoFlamejanteTV,,Roommate,22 Apr 2026 16:07
r u s s e l b u c k,,b-b-BASS DOWN LOW,22 Apr 2026 15:54
r u s s e l b u c k,,TOO MANY PEOPLE,22 Apr 2026 15:53
r u s s e l b u c k,,HERE FOR A GOOD TIME NOT A LONG TIME,22 Apr 2026 15:50
r u s s e l b u c k,,FLY WITH ME,22 Apr 2026 15:48
Frizk,,Select Your Car!,22 Apr 2026 15:47
Frizk,,Blue Raspberry Field,22 Apr 2026 15:45
Vertigoaway,,gali.9221,20 Apr 2026 21:19
Vertigoaway,,SWEET NOISES,20 Apr 2026 21:17
r u s s e l b u c k,,b-b-BASS DOWN LOW,20 Apr 2026 21:02
r u s s e l b u c k,,Evil Music For BAD DOGS,20 Apr 2026 21:01
theSpackster,,RK9,20 Apr 2026 21:00
NiKU and [DATABNDR],,and-so-i-thought,20 Apr 2026 20:59
Vertigoaway,,ritual rave,19 Apr 2026 13:51
Hellripper,,Coronach,19 Apr 2026 13:42
Hellripper,,Kinchyle,19 Apr 2026 13:38
Hellripper,,Sculptor's Cave,19 Apr 2026 13:33
Bobbing,,Tous Les Jours,19 Apr 2026 13:32
Bobbing,,Mastodon Matador,19 Apr 2026 13:31
Bobbing,,What Went Weird,19 Apr 2026 13:30
Bobbing,,Near Death Bossa Nova,19 Apr 2026 13:29
Bobbing,,Near Death Bossa Nova,19 Apr 2026 13:28
Bobbing,,Near Death Bossa Nova,19 Apr 2026 13:27
Bobbing,,Bad at Texting / World's Last Mango Juul Pod,19 Apr 2026 13:26
Bobbing,,Introductory Remarks,19 Apr 2026 13:24
Bobbing,,Blink Blink Blink,19 Apr 2026 13:24
Bobbing,,Kelly's Dungeon,19 Apr 2026 13:22
Bobbing,,Hypemanda Mk I,19 Apr 2026 13:21
fur:trash,,black tar heroin,19 Apr 2026 13:21
fur:trash,,rock that microphone,19 Apr 2026 13:19
fur:trash,,LONG LIVE THE KING,19 Apr 2026 13:18
MAILPUP,,LET ME MAIL YOUR PACKAGE,19 Apr 2026 13:16
MAILPUP,,HARDER DADDY,19 Apr 2026 13:13
MAILPUP,,DRAIN PUPPY MAIL ME IMMEDIATELY,19 Apr 2026 13:11
PatoFlamejanteTV,,Please complete the Tutorial before uh..,19 Apr 2026 13:11
PatoFlamejanteTV,,Time,19 Apr 2026 13:09
PatoFlamejanteTV,,Roommate,19 Apr 2026 13:08
Vertigoaway,,NAH DAS SOKETHING EVIL;,19 Apr 2026 13:06
r u s s e l b u c k,,b-b-BASS DOWN LOW,19 Apr 2026 13:04
MAILPUP,,HEWWO KITTY! >:3c,19 Apr 2026 13:03
usedcvnt,,wonderful ending see u later,19 Apr 2026 01:10
usedcvnt,,disappear like everyone else,19 Apr 2026 01:07
usedcvnt,,i need 2 feel reality,19 Apr 2026 01:05
usedcvnt,,problem after problem and over and over,19 Apr 2026 01:02
usedcvnt,,wake up Violet,19 Apr 2026 00:59
usedcvnt,,wonderfulcore,19 Apr 2026 00:56
usedcvnt,,wonderful ending see u later,19 Apr 2026 00:53
usedcvnt,,i need 2 feel reality,19 Apr 2026 00:50
r u s s e l b u c k,,b-b-BASS DOWN LOW,19 Apr 2026 00:48
r u s s e l b u c k,,EAT YOU UP,19 Apr 2026 00:46
r u s s e l b u c k,,HERE FOR A GOOD TIME NOT A LONG TIME,19 Apr 2026 00:44
GNB CHILI,,Never,19 Apr 2026 00:43
GNB CHILI,,anything 2,19 Apr 2026 00:40
GNB CHILI,,Anxiety3,17 Apr 2026 22:10
GNB CHILI,,anything 2,17 Apr 2026 22:07
GNB CHILI,,Never,17 Apr 2026 22:03
GNB CHILI,,bye,17 Apr 2026 22:01
GNB CHILI,,Anxiety3,17 Apr 2026 21:58
GNB CHILI,,OK Go Crazy - Winter Mix,17 Apr 2026 21:55
GNB CHILI,,anything 2,17 Apr 2026 21:52
GNB CHILI,,anything 2,17 Apr 2026 21:49
GNB CHILI,,OK Go Crazy - Winter Mix,17 Apr 2026 21:48
GNB CHILI,,bye,17 Apr 2026 21:45
GNB CHILI,,Anxiety3,17 Apr 2026 21:42
GNB CHILI,,Never,17 Apr 2026 21:38
GNB CHILI,,anything 2,17 Apr 2026 21:38
fur:trash,,PUPLIFE,17 Apr 2026 20:06
usedcvnt,,wonderful ending see u later,17 Apr 2026 20:05
usedcvnt,,problem after problem and over and over,17 Apr 2026 20:04
theSpackster,,camelCase,17 Apr 2026 20:01
r u s s e l b u c k,,SAME PLACE DIFFERENT TIME,17 Apr 2026 16:29
r u s s e l b u c k,,FLY WITH ME,17 Apr 2026 16:27
r u s s e l b u c k,,IN DA DOGHOUSE,17 Apr 2026 16:24
r u s s e l b u c k,,b-b-BASS DOWN LOW,17 Apr 2026 16:22
r u s s e l b u c k,,HERE FOR A GOOD TIME NOT A LONG TIME,17 Apr 2026 16:20
r u s s e l b u c k,,EAT YOU UP,17 Apr 2026 16:19
r u s s e l b u c k,,Evil Music For BAD DOGS,17 Apr 2026 16:11
r u s s e l b u c k,,Just Be Competent,17 Apr 2026 16:08
r u s s e l b u c k,,SAME PLACE DIFFERENT TIME,17 Apr 2026 16:06
r u s s e l b u c k,,b-b-BASS DOWN LOW,17 Apr 2026 16:02
r u s s e l b u c k,,TOO MANY PEOPLE,17 Apr 2026 16:00
r u s s e l b u c k,,HERE FOR A GOOD TIME NOT A LONG TIME,17 Apr 2026 15:57
r u s s e l b u c k,,IN DA DOGHOUSE,17 Apr 2026 15:55
r u s s e l b u c k,,Just Be Competent,17 Apr 2026 15:52
r u s s e l b u c k,,FLY WITH ME,17 Apr 2026 15:50
r u s s e l b u c k,,Evil Music For BAD DOGS,17 Apr 2026 15:48
r u s s e l b u c k,,EAT YOU UP,17 Apr 2026 15:46
r u s s e l b u c k,,b-b-BASS DOWN LOW,17 Apr 2026 15:43
r u s s e l b u c k,,Just Be Competent,16 Apr 2026 22:00
r u s s e l b u c k,,FLY WITH ME,16 Apr 2026 21:57
r u s s e l b u c k,,SAME PLACE DIFFERENT TIME,16 Apr 2026 21:56
r u s s e l b u c k,,EAT YOU UP,16 Apr 2026 21:55
r u s s e l b u c k,,HERE FOR A GOOD TIME NOT A LONG TIME,16 Apr 2026 21:52
r u s s e l b u c k,,b-b-BASS DOWN LOW,16 Apr 2026 21:50
r u s s e l b u c k,,TOO MANY PEOPLE,16 Apr 2026 21:47
r u s s e l b u c k,,IN DA DOGHOUSE,16 Apr 2026 21:45
r u s s e l b u c k,,Evil Music For BAD DOGS,16 Apr 2026 21:43
r u s s e l b u c k,,Just Artist Struggles,16 Apr 2026 21:41
r u s s e l b u c k,,EAT YOU UP,16 Apr 2026 21:39
r u s s e l b u c k,,Just Be Competent,16 Apr 2026 21:37
r u s s e l b u c k,,SAME PLACE DIFFERENT TIME,16 Apr 2026 21:36
r u s s e l b u c k,,FLY WITH ME,16 Apr 2026 21:33
Vyzer,,DRIFT,16 Apr 2026 21:32
r u s s e l b u c k,,b-b-BASS DOWN LOW,16 Apr 2026 21:30
MAILPUP,,DANCING WITH SOLVEIG,16 Apr 2026 17:35
MAILPUP,,BORIS JOHNSON DEATH INCANTATION,16 Apr 2026 17:33
MAILPUP,,HARDER DADDY,16 Apr 2026 17:26
MAILPUP,,ASS UP!,16 Apr 2026 17:23
MAILPUP,,LET ME MAIL YOUR PACKAGE,16 Apr 2026 17:22
MAILPUP,,DRAIN PUPPY MAIL ME IMMEDIATELY,16 Apr 2026 17:20
MAILPUP,,FEED YOUR LOCAL MAILPUP,16 Apr 2026 17:17
MAILPUP,,DANCING WITH SOLVEIG,16 Apr 2026 17:14
MAILPUP,,BORIS JOHNSON DEATH INCANTATION,16 Apr 2026 17:12
MAILPUP,,HARDER DADDY,16 Apr 2026 17:10
MAILPUP,,ASS UP!,16 Apr 2026 17:07
MAILPUP,,DRAIN PUPPY MAIL ME IMMEDIATELY,16 Apr 2026 17:06
MAILPUP,,LET ME MAIL YOUR PACKAGE,16 Apr 2026 17:04
MAILPUP,,FEED YOUR LOCAL MAILPUP,16 Apr 2026 17:02
MAILPUP,,DANCING WITH SOLVEIG,16 Apr 2026 16:58
MAILPUP,,HARDER DADDY,16 Apr 2026 16:56
MAILPUP,,BORIS JOHNSON DEATH INCANTATION,16 Apr 2026 16:54
MAILPUP,,ASS UP!,16 Apr 2026 16:52
MAILPUP,,DRAIN PUPPY MAIL ME IMMEDIATELY,16 Apr 2026 16:50
MAILPUP,,LET ME MAIL YOUR PACKAGE,16 Apr 2026 16:48
MAILPUP,,DANCING WITH SOLVEIG,16 Apr 2026 16:45
MAILPUP,,HARDER DADDY,16 Apr 2026 16:43
MAILPUP,,FEED YOUR LOCAL MAILPUP,16 Apr 2026 16:40
MAILPUP,,DRAIN PUPPY MAIL ME IMMEDIATELY,16 Apr 2026 16:38
MAILPUP,,BORIS JOHNSON DEATH INCANTATION,16 Apr 2026 16:36
MAILPUP,,ASS UP!,16 Apr 2026 16:34
MAILPUP,,HARDER DADDY,16 Apr 2026 16:32
MAILPUP,,DANCING WITH SOLVEIG,16 Apr 2026 16:28
MAILPUP,,LET ME MAIL YOUR PACKAGE,16 Apr 2026 16:27
PatoFlamejanteTV,,Time,16 Apr 2026 16:22
PatoFlamejanteTV,,Please select an save file,16 Apr 2026 16:21
PatoFlamejanteTV,,Ammateur,16 Apr 2026 16:21
usedcvnt,,wonderful ending see u later,16 Apr 2026 16:19
theSpackster,,Nightlight Interlude,16 Apr 2026 16:17
theSpackster,,POP! THAT! POOLTOY!,16 Apr 2026 16:16
r u s s e l b u c k,,IN DA DOGHOUSE,16 Apr 2026 16:13
r u s s e l b u c k,,b-b-BASS DOWN LOW,16 Apr 2026 16:10
r u s s e l b u c k,,SAME PLACE DIFFERENT TIME,16 Apr 2026 16:08
r u s s e l b u c k,,HERE FOR A GOOD TIME NOT A LONG TIME,16 Apr 2026 16:06
r u s s e l b u c k,,Just Be Competent,16 Apr 2026 16:03
r u s s e l b u c k,,Just Artist Struggles,16 Apr 2026 16:01
r u s s e l b u c k,,TOO MANY PEOPLE,16 Apr 2026 15:59
r u s s e l b u c k,,Evil Music For BAD DOGS,16 Apr 2026 15:57
r u s s e l b u c k,,FLY WITH ME,16 Apr 2026 15:54
r u s s e l b u c k,,b-b-BASS DOWN LOW,16 Apr 2026 15:52
r u s s e l b u c k,,IN DA DOGHOUSE,16 Apr 2026 15:49
r u s s e l b u c k,,EAT YOU UP,16 Apr 2026 15:47
r u s s e l b u c k,,Just Be Competent,16 Apr 2026 15:45
r u s s e l b u c k,,SAME PLACE DIFFERENT TIME,16 Apr 2026 15:43
r u s s e l b u c k,,Just Artist Struggles,16 Apr 2026 15:41
r u s s e l b u c k,,HERE FOR A GOOD TIME NOT A LONG TIME,16 Apr 2026 15:38
r u s s e l b u c k,,FLY WITH ME,16 Apr 2026 15:35
r u s s e l b u c k,,b-b-BASS DOWN LOW,16 Apr 2026 15:33
r u s s e l b u c k,,Evil Music For BAD DOGS,16 Apr 2026 15:31
r u s s e l b u c k,,TOO MANY PEOPLE,16 Apr 2026 15:29
Frizk,,Beach Nearby,15 Apr 2026 22:22
Frizk,,give it a little more,15 Apr 2026 22:20
Frizk,,Select Your Car!,15 Apr 2026 22:18
Frizk,,Blue Raspberry Field,15 Apr 2026 22:16
Frizk,,By The Trees,15 Apr 2026 22:13
Frizk,,I Wish It Were Colder,15 Apr 2026 22:11
Frizk,,Your Local Forecast 1133,15 Apr 2026 22:08
Frizk,,Tryondas Galaxy,15 Apr 2026 22:06
Frizk,,Beach Nearby,15 Apr 2026 22:03
Frizk,,give it a little more,15 Apr 2026 22:01
Frizk,,Select Your Car!,15 Apr 2026 21:59
Frizk,,By The Trees,15 Apr 2026 21:56
Frizk,,I Wish It Were Colder,15 Apr 2026 21:54
Frizk,,Blue Raspberry Field,15 Apr 2026 21:52
FEM&M,,Pinata Break,15 Apr 2026 21:49
FEM&M,,Love Zombie,15 Apr 2026 21:46
FEM&M,,Beep Beep Bag,15 Apr 2026 21:44
FEM&M,,BrainSick,15 Apr 2026 21:42
Bobbing,,Bad at Texting / World's Last Mango Juul Pod,15 Apr 2026 20:37
Vertigoaway,,non violent reoccurance,15 Apr 2026 20:05
Vertigoaway,,fake icarus,15 Apr 2026 20:04
Vertigoaway,,gali.9221,15 Apr 2026 20:01
MAILPUP,,LET ME MAIL YOUR PACKAGE,15 Apr 2026 19:56
MAILPUP,,DANCING WITH SOLVEIG,15 Apr 2026 19:53
MAILPUP,,DRAIN PUPPY MAIL ME IMMEDIATELY,15 Apr 2026 19:51
MAILPUP,,ASS UP!,15 Apr 2026 19:49
MAILPUP,,FEED YOUR LOCAL MAILPUP,15 Apr 2026 19:46
MAILPUP,,BORIS JOHNSON DEATH INCANTATION,15 Apr 2026 19:44
MAILPUP,,LET ME MAIL YOUR PACKAGE,15 Apr 2026 19:41
MAILPUP,,DANCING WITH SOLVEIG,15 Apr 2026 19:34
MAILPUP,,HARDER DADDY,15 Apr 2026 19:32
MAILPUP,,DRAIN PUPPY MAIL ME IMMEDIATELY,15 Apr 2026 19:30
MAILPUP,,ASS UP!,15 Apr 2026 19:28
MAILPUP,,FEED YOUR LOCAL MAILPUP,15 Apr 2026 19:25
MAILPUP,,LET ME MAIL YOUR PACKAGE,15 Apr 2026 19:23
MAILPUP,,DANCING WITH SOLVEIG,15 Apr 2026 19:20
MAILPUP,,BORIS JOHNSON DEATH INCANTATION,15 Apr 2026 19:18
Frizk,,give it a little more,15 Apr 2026 15:37
Frizk,,Blue Raspberry Field,15 Apr 2026 15:35
Frizk,,Tryondas Galaxy,15 Apr 2026 15:32
Frizk,,Your Local Forecast 1133,15 Apr 2026 15:29
Frizk,,By The Trees,15 Apr 2026 15:27
Frizk,,Select Your Car!,15 Apr 2026 15:25
Frizk,,I Wish It Were Colder,15 Apr 2026 15:22
Frizk,,Beach Nearby,15 Apr 2026 15:20
Frizk,,Tryondas Galaxy,15 Apr 2026 15:18
Frizk,,Blue Raspberry Field,15 Apr 2026 15:16
Frizk,,give it a little more,15 Apr 2026 15:13
Frizk,,Select Your Car!,15 Apr 2026 15:06
Frizk,,By The Trees,15 Apr 2026 15:04
Frizk,,Your Local Forecast 1133,15 Apr 2026 15:01
Frizk,,Tryondas Galaxy,15 Apr 2026 14:59
Frizk,,Beach Nearby,15 Apr 2026 14:56
Frizk,,I Wish It Were Colder,15 Apr 2026 14:54
Frizk,,give it a little more,15 Apr 2026 14:51
Frizk,,Select Your Car!,15 Apr 2026 14:49
Frizk,,Blue Raspberry Field,15 Apr 2026 14:47
Frizk,,Tryondas Galaxy,15 Apr 2026 14:45
Frizk,,Your Local Forecast 1133,15 Apr 2026 14:42
Frizk,,By The Trees,15 Apr 2026 14:39
Frizk,,I Wish It Were Colder,15 Apr 2026 14:34
Frizk,,Select Your Car!,15 Apr 2026 14:32
Frizk,,Beach Nearby,15 Apr 2026 14:30
Frizk,,Beach Nearby,15 Apr 2026 14:21
Frizk,,give it a little more,15 Apr 2026 14:18
Frizk,,Select Your Car!,15 Apr 2026 14:16
Frizk,,Tryondas Galaxy,15 Apr 2026 14:14
Frizk,,I Wish It Were Colder,15 Apr 2026 14:11
Frizk,,By The Trees,15 Apr 2026 14:09
Frizk,,Blue Raspberry Field,15 Apr 2026 14:07
Frizk,,give it a little more,15 Apr 2026 14:05
Frizk,,Beach Nearby,15 Apr 2026 14:02
Frizk,,Your Local Forecast 1133,15 Apr 2026 13:59
Frizk,,Tryondas Galaxy,15 Apr 2026 13:57
Frizk,,I Wish It Were Colder,15 Apr 2026 13:55
Frizk,,Select Your Car!,15 Apr 2026 13:52
Bobbing,,Tous Les Jours,14 Apr 2026 22:05
Bobbing,,Snaggle Tooth,14 Apr 2026 22:04
Bobbing,,Sweet Thing,14 Apr 2026 22:02
Bobbing,,Do You Have Cowboy Hat,14 Apr 2026 22:01
Bobbing,,Threat Level Midnight,14 Apr 2026 22:00
KNOWER,,Crash The Car,14 Apr 2026 21:59
Edwin Rosen,,Edwin Rosen - Vertigo,14 Apr 2026 21:55
Edwin Rosen,,Die Sonne in deinem Zimmer,14 Apr 2026 21:52
Edwin Rosen,,Edwin Rosen - 21 Nächte wach,14 Apr 2026 21:50
Edwin Rosen,,kontrollverlust,14 Apr 2026 21:47
Frizk,,By The Trees,14 Apr 2026 21:45
Frizk,,I Wish It Were Colder,14 Apr 2026 21:43
Frizk,,Tryondas Galaxy,14 Apr 2026 21:40
Frizk,,Your Local Forecast 1133,14 Apr 2026 21:37
Frizk,,give it a little more,14 Apr 2026 21:35
Frizk,,give it a little more,14 Apr 2026 21:34
Frizk,,Tryondas Galaxy,14 Apr 2026 21:32
Frizk,,I Wish It Were Colder,14 Apr 2026 21:29
Frizk,,Blue Raspberry Field,14 Apr 2026 21:27
Frizk,,Your Local Forecast 1133,14 Apr 2026 21:24
Frizk,,Beach Nearby,14 Apr 2026 21:22
Frizk,,By The Trees,14 Apr 2026 21:20
Frizk,,Tryondas Galaxy,14 Apr 2026 21:17
Frizk,,give it a little more,14 Apr 2026 21:15
Frizk,,Select Your Car!,14 Apr 2026 21:13
Frizk,,I Wish It Were Colder,14 Apr 2026 21:10
Frizk,,Blue Raspberry Field,14 Apr 2026 21:08
Frizk,,Your Local Forecast 1133,14 Apr 2026 21:05
Frizk,,Beach Nearby,14 Apr 2026 21:03
Frizk,,By The Trees,14 Apr 2026 21:01
Frizk,,Tryondas Galaxy,14 Apr 2026 20:58
Frizk,,Select Your Car!,14 Apr 2026 20:56
Frizk,,I Wish It Were Colder,14 Apr 2026 20:54
Frizk,,give it a little more,14 Apr 2026 20:51
Frizk,,Blue Raspberry Field,14 Apr 2026 20:49
Frizk,,Beach Nearby,14 Apr 2026 20:47
Frizk,,Beach Nearby,14 Apr 2026 20:46
Frizk,,Blue Raspberry Field,14 Apr 2026 20:44
Frizk,,Tryondas Galaxy,14 Apr 2026 20:41
Frizk,,I Wish It Were Colder,14 Apr 2026 20:39
Frizk,,Your Local Forecast 1133,14 Apr 2026 20:36
Frizk,,Your Local Forecast 1133,14 Apr 2026 19:11
Frizk,,Select Your Car!,14 Apr 2026 19:09
Frizk,,Blue Raspberry Field,14 Apr 2026 19:07
Frizk,,Tryondas Galaxy,14 Apr 2026 19:05
Frizk,,By The Trees,14 Apr 2026 19:03
Frizk,,I Wish It Were Colder,14 Apr 2026 19:00
Frizk,,give it a little more,14 Apr 2026 18:58
Frizk,,Beach Nearby,14 Apr 2026 18:55
Frizk,,Select Your Car!,14 Apr 2026 18:53
Frizk,,Your Local Forecast 1133,14 Apr 2026 18:50
Frizk,,Blue Raspberry Field,14 Apr 2026 18:48
Frizk,,Select Your Car!,14 Apr 2026 17:30
Frizk,,I Wish It Were Colder,14 Apr 2026 17:26
Frizk,,Blue Raspberry Field,14 Apr 2026 17:25
Frizk,,Your Local Forecast 1133,14 Apr 2026 17:22
Frizk,,By The Trees,14 Apr 2026 17:19
Frizk,,Tryondas Galaxy,14 Apr 2026 17:17
Hellripper,,Sculptor's Cave,14 Apr 2026 17:16
Hellripper,,Kinchyle,14 Apr 2026 17:11
Hellripper,,Blakk Satanik Fvkkstorm,14 Apr 2026 17:07
Hellripper,,The Art of Resurrection,14 Apr 2026 17:04
Hellripper,,Coronach,14 Apr 2026 16:56
Hellripper,,Hunderprest,14 Apr 2026 16:50
Valve,,Charger,14 Apr 2026 16:50
Zachz Winner,,herpy,13 Apr 2026 22:02
Zachz Winner,,bubblegum,13 Apr 2026 22:00
Zachz Winner,,doodle,13 Apr 2026 21:59
fur:trash,,tinnitus speedrun any% wr,13 Apr 2026 21:55
fur:trash,,you're fake as fuck,13 Apr 2026 21:53
fur:trash,,bad crack style 2012,13 Apr 2026 21:51
fur:trash,,terminal oden od,13 Apr 2026 21:51
fur:trash,,bitingmynails / bitingmylips,13 Apr 2026 21:48
fur:trash,,move like a freak!,13 Apr 2026 21:46
fur:trash,,stay high,13 Apr 2026 21:43
fur:trash,,scene kweenz,13 Apr 2026 21:41
fur:trash,,21,13 Apr 2026 21:39
fur:trash,,funnycore twerkhouse,13 Apr 2026 21:37
fur:trash,,anesthetic,13 Apr 2026 21:36
fur:trash,,you're finally awake sussy baka? u must've hit ur head hard c'mon let's go listen 2 skrillex,13 Apr 2026 21:35
MAILPUP,,THIS ONE'S FOR THE 2000's FURRIES,13 Apr 2026 17:10
MAILPUP,,HEWWO KITTY! >:3c,13 Apr 2026 17:09
MAILPUP,,HEWWO KITTY! >:3c,13 Apr 2026 17:07
MAILPUP,,HEWWO KITTY! >:3c,13 Apr 2026 17:06
MAILPUP,,HEWWO KITTY! >:3c,13 Apr 2026 17:04
MAILPUP,,HEWWO KITTY! >:3c,13 Apr 2026 17:02
MAILPUP,,HEWWO KITTY! >:3c,13 Apr 2026 17:01
MAILPUP,,HEWWO KITTY! >:3c,13 Apr 2026 16:59
MAILPUP,,HEWWO KITTY! >:3c,13 Apr 2026 16:57
MAILPUP,,HEWWO KITTY! >:3c,13 Apr 2026 16:56
MAILPUP,,HEWWO KITTY! >:3c,13 Apr 2026 16:54
MAILPUP,,HEWWO KITTY! >:3c,13 Apr 2026 16:52
MAILPUP,,HEWWO KITTY! >:3c,13 Apr 2026 16:50
MAILPUP,,HEWWO KITTY! >:3c,13 Apr 2026 16:49
MAILPUP,,HEWWO KITTY! >:3c,13 Apr 2026 16:47
MAILPUP,,HEWWO KITTY! >:3c,13 Apr 2026 16:45
MAILPUP,,HEWWO KITTY! >:3c,13 Apr 2026 16:44
MAILPUP,,PROTECC ATTACC SEXYBACC,13 Apr 2026 16:42
goreshit,,death of the candy raver,13 Apr 2026 16:39
goreshit,,stop me if you've heard this one.,13 Apr 2026 16:37
goreshit,,too young,13 Apr 2026 16:36
Valve Studio Orchestra,,Mercenary Park,13 Apr 2026 15:38
Valve Studio Orchestra,,Saluting the Fallen,13 Apr 2026 15:36
Valve Studio Orchestra,,More Gun,13 Apr 2026 15:33
Valve Studio Orchestra,,The Art of War,13 Apr 2026 15:31
Valve Studio Orchestra,,RED Triumphs!,13 Apr 2026 15:29
Valve Studio Orchestra,,It Hates Me So Much,13 Apr 2026 15:27
Valve Studio Orchestra,,Seduce Me!,13 Apr 2026 15:26
Valve Studio Orchestra,,Dreams of Cruelty,13 Apr 2026 15:25
Valve Studio Orchestra,,Drunken Pipe Bomb,13 Apr 2026 15:24
Valve Studio Orchestra,,BLU Triumphs!,13 Apr 2026 15:22
Valve Studio Orchestra,,Three Days to Live,13 Apr 2026 15:20
Valve Studio Orchestra,,A Little Heart to Heart,13 Apr 2026 15:19
Valve Studio Orchestra,,Dapper Cadaver,13 Apr 2026 15:17
Valve Studio Orchestra,,Rocket Jump Waltz,13 Apr 2026 15:16
Valve Studio Orchestra,,Playing With Danger,13 Apr 2026 15:12
Valve Studio Orchestra,,Red Bread,13 Apr 2026 15:10
Valve Studio Orchestra,,Team Fortress 2,13 Apr 2026 15:09
Valve Studio Orchestra,,Rise of the Living Bread,13 Apr 2026 15:07
Valve Studio Orchestra,,MEDIC!,13 Apr 2026 15:05
Valve Studio Orchestra,,Saxton's Dilemma,13 Apr 2026 15:04
Valve Studio Orchestra,,Soldier of Dance,13 Apr 2026 15:03
Valve Studio Orchestra,,The Calm,13 Apr 2026 15:00
Valve Studio Orchestra,,Yeti Park,13 Apr 2026 14:57
Valve Studio Orchestra,,Right Behind You,13 Apr 2026 14:55
Valve Studio Orchestra,,Faster Than a Speeding Bullet,13 Apr 2026 14:54
Valve Studio Orchestra,,Archimedes,13 Apr 2026 14:52
Valve Studio Orchestra,,Carousel of Curses,13 Apr 2026 14:51
Valve Studio Orchestra,,Misfortune Teller,13 Apr 2026 14:50
Valve Studio Orchestra,,ROBOTS!,13 Apr 2026 14:48
Vertigoaway,,VERY COOL,13 Apr 2026 14:47
Vertigoaway,,BUMP THE HARDSTYLE TRANCE,13 Apr 2026 14:44
Vertigoaway,,sharding abt hrt shit,13 Apr 2026 14:42
Vertigoaway,,remeowved something,13 Apr 2026 14:42
Vertigoaway,,wavelength of my feelings pls feel my energy,13 Apr 2026 14:39
Vertigoaway,,drowning timeline of the wavelength,13 Apr 2026 14:37
Vertigoaway,,some kinda chiller hardcore,13 Apr 2026 14:35
Vertigoaway,,unrefined brain activity huh,13 Apr 2026 14:34
Vertigoaway,,FART IN your ass not mine oplaessesese,13 Apr 2026 14:32
Vertigoaway,,ak-gigabab_9122,13 Apr 2026 14:29
Vertigoaway,,anti-nepyr.tech,13 Apr 2026 14:26
Vertigoaway,,the happenstance occurs in an unseemingly manner power withheld above all else dont think to hard,13 Apr 2026 14:22
Vertigoaway,,truly another track where someone pisses herself,13 Apr 2026 14:21
Vertigoaway,,more unknown full of it,13 Apr 2026 14:19
Vertigoaway,,found the feeling,13 Apr 2026 14:17
Vertigoaway,,anti-nepicarpy.tek,13 Apr 2026 14:16
fur:trash,,hound down,13 Apr 2026 14:01
fur:trash,,you're finally awake sussy baka? u must've hit ur head hard c'mon let's go listen 2 skrillex,13 Apr 2026 13:59
de PatoFlamejanteTV,BGM for an Game that Doesn't Exists,Time,12 Apr 2026 12:23
de PatoFlamejanteTV,BGM for an Game that Doesn't Exists,Roommate,12 Apr 2026 12:21
PatoFlamejanteTV,BGM for an Game that Doesn't Exists,Please select an save file,12 Apr 2026 12:19
de PatoFlamejanteTV,BGM for an Game that Doesn't Exists,Ammateur,12 Apr 2026 12:16
de PatoFlamejanteTV,BGM for an Game that Doesn't Exists,Would You?,12 Apr 2026 12:15
de PatoFlamejanteTV,BGM for an Game that Doesn't Exists,Would You?,12 Apr 2026 12:13
PatoFlamejanteTV,,Ammateur,11 Apr 2026 23:31
PatoFlamejanteTV,,Roommate,11 Apr 2026 23:30
PatoFlamejanteTV,,Please select an save file,11 Apr 2026 23:29
PatoFlamejanteTV,,Please complete the Tutorial before uh..,11 Apr 2026 23:28
PatoFlamejanteTV,,Would You?,11 Apr 2026 23:27
PatoFlamejanteTV,,Time,11 Apr 2026 23:25
PatoFlamejanteTV,,Ammateur,11 Apr 2026 23:23
PatoFlamejanteTV,,Roommate,11 Apr 2026 23:21
PatoFlamejanteTV,,Please select an save file,11 Apr 2026 23:20
PatoFlamejanteTV,,Please complete the Tutorial before uh..,11 Apr 2026 23:20
PatoFlamejanteTV,,Time,11 Apr 2026 23:17
PatoFlamejanteTV,,Would You?,11 Apr 2026 23:16
PatoFlamejanteTV,,Ammateur,11 Apr 2026 23:14
PatoFlamejanteTV,,Roommate,11 Apr 2026 23:13
PatoFlamejanteTV,,Please complete the Tutorial before uh..,11 Apr 2026 23:12
PatoFlamejanteTV,,Please select an save file,11 Apr 2026 23:11
PatoFlamejanteTV,,Time,11 Apr 2026 23:09
PatoFlamejanteTV,,Would You?,11 Apr 2026 23:08
PatoFlamejanteTV,,Roommate,11 Apr 2026 23:06
PatoFlamejanteTV,,Ammateur,11 Apr 2026 23:04
PatoFlamejanteTV,,Please select an save file,11 Apr 2026 23:03
PatoFlamejanteTV,,Please complete the Tutorial before uh..,11 Apr 2026 23:03
PatoFlamejanteTV,,Would You?,11 Apr 2026 23:02
PatoFlamejanteTV,,Time,11 Apr 2026 22:59
PatoFlamejanteTV,,Ammateur,11 Apr 2026 22:57
PatoFlamejanteTV,,Roommate,11 Apr 2026 22:56
PatoFlamejanteTV,,Sore Point,10 Apr 2026 20:47
PatoFlamejanteTV,,Sore Point,10 Apr 2026 20:45
Memnicus,,Goofy Ahh Type Beat Part 2,10 Apr 2026 20:44
Jão Tibatinha,,Tudo Que É Bom Começa Com P,10 Apr 2026 20:43
ILikeMailboxes,,The Minecraft Movie but only when Jack Black says something from the games verbatim,10 Apr 2026 20:43
DJ POL3 DA D32,,Neck Hurts Funk 2,10 Apr 2026 20:41
DJ POL3 DA D32,,Neck Hurts Funk 2,10 Apr 2026 20:41
Chadolf Rizzler,,Neckhurts,10 Apr 2026 20:39
Boggio,,OVERTIME?!,10 Apr 2026 20:39
ImperfectNORE,,WHEN THE BELLS GRIEVE,10 Apr 2026 20:38
Boggio,,ATYCHIPHOBIA,10 Apr 2026 20:35
ImperfectNORE,,HERE I COME,10 Apr 2026 20:33
Boggio,,SENSORY OVERLOAD,10 Apr 2026 20:32
UdieNnx,,PUCH,10 Apr 2026 20:31
Joyful,,matchmakers - slowed,10 Apr 2026 20:29
Crystal Castles,,Transgender,10 Apr 2026 20:28
Crystal Castles,,Vanished,10 Apr 2026 20:24
Crystal Castles,,Kerosene,10 Apr 2026 20:22
Crystal Castles,,Transgender,10 Apr 2026 20:19
Crystal Castles,,Vanished,10 Apr 2026 20:15
Crystal Castles,,Kerosene,10 Apr 2026 20:12
Crystal Castles,,Vanished,10 Apr 2026 20:11
Crystal Castles,,Vanished,10 Apr 2026 20:07
Crystal Castles,,Vanished,10 Apr 2026 20:03
Crystal Castles,,Vanished,10 Apr 2026 19:59
Crystal Castles,,Vanished,10 Apr 2026 19:55
GNB CHILI,,Sky,10 Apr 2026 16:28
GNB CHILI,,Bleeding,10 Apr 2026 16:05
68+1,,here I am,10 Apr 2026 16:02
ソルス,,Yung Lain - Ciel,10 Apr 2026 15:59
xaptiox,,soup,10 Apr 2026 15:55
GNB CHILI,,anything 2,10 Apr 2026 15:53
usedcvnt,,i need 2 feel reality,10 Apr 2026 15:50
theuppermostinlife,,Ftlframe - Subterranean Loner,10 Apr 2026 15:48
eightiesheadachetape,,what we did in the desert,10 Apr 2026 15:43
usedcvnt,,i need 2 feel reality,10 Apr 2026 15:41
S777N,,s777n - remains of a corrupted file,10 Apr 2026 15:37
Missing Music,,Emray - About 10 Hours of making Breakcore,10 Apr 2026 15:34
xaptiox,,ariaMATH - xaptiox,10 Apr 2026 15:31
Akiba,,MOOGCiTY,10 Apr 2026 15:29
Frizk,,not askin 4 much,09 Apr 2026 22:08
Frizk,,Fusion Lore,09 Apr 2026 22:03
Frizk,,Please Hold,09 Apr 2026 22:02
Frizk,,Oh Yeah?,09 Apr 2026 22:00
paperkitty,,A Journey Through Triangles,09 Apr 2026 21:58
nicopatty,,nico's nextbots ost - safe room,09 Apr 2026 21:57
Frizk,,Real Fellas,09 Apr 2026 21:55
nicopatty,,nico's nextbots ost - 8-twelve,09 Apr 2026 21:55
Frizk,,Bitrate,09 Apr 2026 21:53
fur:trash,,black tar heroin,09 Apr 2026 21:50
fur:trash,,wanna fucking scream!!!,09 Apr 2026 21:48
fur:trash,,feeling lucky,09 Apr 2026 21:46
fur:trash,,you're finally awake sussy baka? u must've hit ur head hard c'mon let's go listen 2 skrillex,09 Apr 2026 21:45
fur:trash,,hound down,09 Apr 2026 21:41
Tabby,,NEWGROUNDS HITMAN,09 Apr 2026 20:59
Tabby,,CATNIP,09 Apr 2026 20:54
Tabby,,Top Hat 'N' Monocle,09 Apr 2026 20:49
Tabby,,THE PUP MASK BANDIT,09 Apr 2026 20:43
Tabby,,I KILLED JACKAL QUEENSTON,09 Apr 2026 20:37
Tabby,,SUBMEOWER,09 Apr 2026 20:32
Tabby,,TABBY produces worst track ever,09 Apr 2026 20:28
Tabby,,VEGETARIAN,09 Apr 2026 20:17
Tabby,,YEAR OF THE NAUGHTY FOX,09 Apr 2026 20:09
Tabby,,NEWGROUNDS HITMAN,09 Apr 2026 20:04
Crystal Castles,,Plague,09 Apr 2026 20:03
Crystal Castles,,Kerosene,09 Apr 2026 20:02
Crystal Castles,,Transgender,09 Apr 2026 20:00
Frizk,,Bright Stuff,09 Apr 2026 19:59
Frizk,,Leave u GONE,09 Apr 2026 19:57
Frizk,,Gorveve,09 Apr 2026 19:55
Frizk,,Rainy Day,09 Apr 2026 19:54
Frizk,,Fusion Core,09 Apr 2026 19:51
Frizk,,Please Hold,09 Apr 2026 19:50
Frizk,,Real Fellas,09 Apr 2026 19:49
Frizk,,Flashback,09 Apr 2026 19:47
Frizk,,Closing Up,09 Apr 2026 19:46
Frizk,,I Know I Hear You,09 Apr 2026 19:44
Frizk,,I Feel Alright,09 Apr 2026 19:42
Frizk,,I Feel Alive,09 Apr 2026 19:40
Frizk,,Bitrate,09 Apr 2026 19:38
Frizk,,Bright Stuff,09 Apr 2026 19:37
Frizk,,Leave u GONE,09 Apr 2026 19:35
Frizk,,Gorveve,09 Apr 2026 19:33
Frizk,,Rainy Day,09 Apr 2026 19:31
Frizk,,Please Hold,09 Apr 2026 19:30
Frizk,,I Know I Hear You,09 Apr 2026 19:28
Frizk,,Real Fellas,09 Apr 2026 19:27
Frizk,,Flashback,09 Apr 2026 19:25
Frizk,,Closing Up,09 Apr 2026 19:24
Frizk,,Fusion Core,09 Apr 2026 19:20
Frizk,,I Feel Alright,09 Apr 2026 19:18
Frizk,,Bright Stuff,09 Apr 2026 19:17
Frizk,,Leave u GONE,09 Apr 2026 19:15
Frizk,,I Feel Alive,09 Apr 2026 19:08
Frizk,,Gorveve,09 Apr 2026 19:05
Frizk,,Bitrate,09 Apr 2026 19:04
Frizk,,Please Hold,09 Apr 2026 19:03
Frizk,,Flashback,09 Apr 2026 19:01
Frizk,,Real Fellas,09 Apr 2026 19:00
Frizk,,Closing Up,09 Apr 2026 18:59
Frizk,,I Know I Hear You,09 Apr 2026 18:57
Frizk,,Rainy Day,09 Apr 2026 18:55
Frizk,,Leave u GONE,09 Apr 2026 18:54
Frizk,,Gorveve,09 Apr 2026 18:52
Frizk,,Bright Stuff,09 Apr 2026 18:50
Frizk,,Fusion Core,09 Apr 2026 18:48
Frizk,,I Feel Alive,09 Apr 2026 18:45
Frizk,,I Feel Alright,09 Apr 2026 18:43
Frizk,,Bitrate,09 Apr 2026 18:42
Frizk,,Flashback,09 Apr 2026 17:23
Frizk,,Closing Up,09 Apr 2026 17:22
Frizk,,Real Fellas,09 Apr 2026 17:21
Frizk,,Please Hold,09 Apr 2026 17:20
Frizk,,I Know I Hear You,09 Apr 2026 17:17
Frizk,,Leave u GONE,09 Apr 2026 17:16
Frizk,,Rainy Day,09 Apr 2026 17:14
Frizk,,Bright Stuff,09 Apr 2026 17:12
Frizk,,I Feel Alive,09 Apr 2026 17:10
Frizk,,Gorveve,09 Apr 2026 17:08
Frizk,,Fusion Core,09 Apr 2026 17:05
Frizk,,Flashback,09 Apr 2026 17:04
Frizk,,I Feel Alright,09 Apr 2026 17:02
Frizk,,Bitrate,09 Apr 2026 17:00
Frizk,,Real Fellas,09 Apr 2026 16:59
Frizk,,Closing Up,09 Apr 2026 16:58
Frizk,,Please Hold,09 Apr 2026 16:57
Frizk,,I Feel Alive,09 Apr 2026 16:55
Frizk,,Gorveve,09 Apr 2026 16:53
Frizk,,Bright Stuff,09 Apr 2026 16:51
Frizk,,I Know I Hear You,09 Apr 2026 16:49
Frizk,,Rainy Day,09 Apr 2026 16:47
Frizk,,Leave u GONE,09 Apr 2026 16:45
Frizk,,Flashback,09 Apr 2026 16:44
Frizk,,Bitrate,09 Apr 2026 16:43
Frizk,,I Feel Alright,09 Apr 2026 16:40
Frizk,,Real Fellas,09 Apr 2026 16:39
Frizk,,Fusion Core,09 Apr 2026 16:37
Frizk,,Closing Up,09 Apr 2026 16:36
fur:trash,,tinnitus speedrun any% wr,09 Apr 2026 15:53
fur:trash,,nice opinion one small issue,09 Apr 2026 15:51
fur:trash,,supa girl racer 5,09 Apr 2026 15:48
fur:trash,,this is the daria i've ever made,09 Apr 2026 15:47
fur:trash,,wanna fucking scream!!!,09 Apr 2026 15:44
fur:trash,,bitingmynails / bitingmylips,09 Apr 2026 15:42
fur:trash,,z-mecha,09 Apr 2026 15:40
fur:trash,,nah i'm out of title ideas,09 Apr 2026 15:38
fur:trash,,nothing makes sense and i'm lost,09 Apr 2026 15:33
fur:trash,,v0id,09 Apr 2026 15:31
fur:trash,,old money bitch,09 Apr 2026 15:28
fur:trash,,glue monkey,09 Apr 2026 15:27
fur:trash,,anesthetic,09 Apr 2026 15:25
fur:trash,,sadb0i dariacore,09 Apr 2026 15:23
fur:trash,,funnycore twerkhouse,09 Apr 2026 15:23
fur:trash,,funnycore twerkhouse,08 Apr 2026 22:05
fur:trash,,let me oute!!!,08 Apr 2026 22:03
fur:trash,,the sus files,08 Apr 2026 22:01
fur:trash,,the cashier looked at me weird i don't know if i can go back,08 Apr 2026 21:59
fur:trash,,classically trained in dariacore,08 Apr 2026 21:58
fur:trash,,feeling lucky,08 Apr 2026 21:56
fur:trash,,new notification dopamine,08 Apr 2026 21:54
fur:trash,,move like a freak!,08 Apr 2026 21:52
fur:trash,,scene kweenz,08 Apr 2026 21:49
fur:trash,,bxphomet goatmilk 🜏 666,08 Apr 2026 21:46
fur:trash,,rock that microphone,08 Apr 2026 21:44
fur:trash,,you're fake as fuck,08 Apr 2026 21:42
fur:trash,,bad crack style 2012,08 Apr 2026 21:40
fur:trash,,terminal oden od,08 Apr 2026 21:38
fur:trash,,hound down,08 Apr 2026 21:36
fur:trash,,gr!ndcore or something idk im hxrny,08 Apr 2026 21:35
fur:trash,,you're finally awake sussy baka? u must've hit ur head hard c'mon let's go listen 2 skrillex,08 Apr 2026 21:34
fur:trash,,stay high,08 Apr 2026 21:31
Aphex Twin,,CIRCLONT6A,08 Apr 2026 19:48
Aphex Twin,,fz pseudotimestretch+e+3 [138.85],08 Apr 2026 19:47
Aphex Twin,,XMAS_EVET10,08 Apr 2026 19:45
sixwing,,tearing meat,08 Apr 2026 17:03
sixwing,,rainier,08 Apr 2026 17:01
sixwing,,my teeth will free you,08 Apr 2026 16:58
sixwing,,with all my heart,08 Apr 2026 16:55
sixwing,,it's ok,08 Apr 2026 16:52
sixwing,,c.e.d.,08 Apr 2026 16:50
sixwing,,dogwhistle,08 Apr 2026 16:47
sixwing,,her body my cathedral,08 Apr 2026 16:43
sixwing,,choke it out!,08 Apr 2026 16:42
Hellripper,,The Art of Resurrection,08 Apr 2026 16:40
fur:trash,,you're fake as fuck,08 Apr 2026 14:11
fur:trash,,scene kweenz,08 Apr 2026 14:08
fur:trash,,nice opinion one small issue,08 Apr 2026 14:06
fur:trash,,move like a freak!,08 Apr 2026 14:04
fur:trash,,you're finally awake sussy baka? u must've hit ur head hard c'mon let's go listen 2 skrillex,08 Apr 2026 14:02
fur:trash,,stay high,08 Apr 2026 14:00
fur:trash,,old money bitch,08 Apr 2026 13:57
fur:trash,,nah i'm out of title ideas,08 Apr 2026 13:54
fur:trash,,tinnitus speedrun any% wr,08 Apr 2026 13:50
fur:trash,,v0id,08 Apr 2026 13:48
fur:trash,,your local menace to society,08 Apr 2026 13:45
fur:trash,,bxphomet goatmilk 🜏 666,08 Apr 2026 13:42
fur:trash,,funnycore twerkhouse,07 Apr 2026 22:08
fur:trash,,sadb0i dariacore,07 Apr 2026 22:06
fur:trash,,let me oute!!!,07 Apr 2026 22:04
fur:trash,,rock that microphone,07 Apr 2026 22:01
fur:trash,,the sus files,07 Apr 2026 22:00
fur:trash,,bitingmynails / bitingmylips,07 Apr 2026 21:58
fur:trash,,z-mecha,07 Apr 2026 21:56
fur:trash,,feeling lucky,07 Apr 2026 21:55
fur:trash,,21,07 Apr 2026 21:53
fur:trash,,terminal oden od,07 Apr 2026 21:51
fur:trash,,the cashier looked at me weird i don't know if i can go back,07 Apr 2026 21:48
fur:trash,,black tar heroin,07 Apr 2026 21:46
fur:trash,,bad crack style 2012,07 Apr 2026 21:44
MAILPUP,,MYSPACE BANGER 3008,07 Apr 2026 21:42
MAILPUP,,THE MAKE UP BEAR,07 Apr 2026 21:40
MAILPUP,,NAMx,07 Apr 2026 21:35
MAILPUP,,ÄLSKAR DIG!!,07 Apr 2026 21:31
Vertigoaway,,BUMP THE HARDSTYLE TRANCE,07 Apr 2026 20:45
Vertigoaway,,anti-nepyr.tech,07 Apr 2026 20:43
Vertigoaway,,tihjygu,07 Apr 2026 20:40
Vertigoaway,,truly another track where someone pisses herself,07 Apr 2026 20:39
Vertigoaway,,drowning timeline of the wavelength,07 Apr 2026 20:32
Vertigoaway,,FART IN your ass not mine oplaessesese,07 Apr 2026 20:31
Vertigoaway,,the happenstance occurs in an unseemingly manner power withheld above all else dont think to hard,07 Apr 2026 20:27
MAILPUP,,DRAIN PUPPY MAIL ME IMMEDIATELY,07 Apr 2026 19:56
MAILPUP,,FEED YOUR LOCAL MAILPUP,07 Apr 2026 19:53
MAILPUP,,BORIS JOHNSON DEATH INCANTATION,07 Apr 2026 19:51
MAILPUP,,LET ME MAIL YOUR PACKAGE,07 Apr 2026 19:50
MAILPUP,,ASS UP!,07 Apr 2026 19:47
MAILPUP,,HARDER DADDY,07 Apr 2026 19:45
PatoFlamejanteTV,,Sore Point,07 Apr 2026 18:56
PatoFlamejanteTV,,Sore Point,07 Apr 2026 18:54
PatoFlamejanteTV,,Sore Point,07 Apr 2026 18:53
PatoFlamejanteTV,,Sore Point,07 Apr 2026 18:01
PatoFlamejanteTV,,Sore Point,07 Apr 2026 17:59
Frizk,,I Feel Alive,07 Apr 2026 17:58
Frizk,,Please Hold,07 Apr 2026 17:56
Frizk,,Real Fellas,07 Apr 2026 15:45
Frizk,,I Know I Hear You,07 Apr 2026 15:43
Frizk,,Closing Up,07 Apr 2026 15:42
Frizk,,Leave u GONE,07 Apr 2026 15:40
Frizk,,Bitrate,07 Apr 2026 15:39
Frizk,,Gorveve,07 Apr 2026 15:37
Frizk,,I Feel Alright,07 Apr 2026 15:35
Frizk,,Bright Stuff,07 Apr 2026 15:33
Frizk,,Fusion Core,07 Apr 2026 15:30
Frizk,,Flashback,07 Apr 2026 15:29
Frizk,,Please Hold,07 Apr 2026 15:28
Frizk,,Real Fellas,07 Apr 2026 15:27
Frizk,,I Feel Alive,07 Apr 2026 15:24
Frizk,,Rainy Day,07 Apr 2026 15:22
Frizk,,I Feel Alright,07 Apr 2026 15:20
Frizk,,Bitrate,07 Apr 2026 15:19
Frizk,,I Know I Hear You,07 Apr 2026 15:18
Frizk,,I Know I Hear You,07 Apr 2026 14:46
Frizk,,Leave u GONE,07 Apr 2026 14:44
Frizk,,Closing Up,07 Apr 2026 14:43
Frizk,,Gorveve,07 Apr 2026 14:42
Frizk,,Flashback,07 Apr 2026 14:36
Frizk,,Bright Stuff,07 Apr 2026 14:35
Frizk,,Fusion Core,07 Apr 2026 14:32
Frizk,,I Feel Alive,07 Apr 2026 14:30
Frizk,,Real Fellas,07 Apr 2026 14:29
Frizk,,Bitrate,07 Apr 2026 14:28
Frizk,,Rainy Day,07 Apr 2026 14:26
Frizk,,I Know I Hear You,07 Apr 2026 14:25
Frizk,,I Feel Alright,07 Apr 2026 14:23
Frizk,,Closing Up,07 Apr 2026 14:22
Frizk,,Leave u GONE,07 Apr 2026 14:21
Vertigoaway,,trains not making it,07 Apr 2026 14:19
Vertigoaway,,hexd landscape itself beats harder than a bleeding synth,07 Apr 2026 14:17
Vertigoaway,,fragment of a dunjeon,07 Apr 2026 14:12
Vertigoaway,,TAPECEPTION,07 Apr 2026 13:57
Vertigoaway,,JUNGLEE SPIIT,07 Apr 2026 13:53
Vertigoaway,,aftermath,07 Apr 2026 13:51
Vertigoaway,,kivkin it,07 Apr 2026 13:48
Vertigoaway,,kivkin it,07 Apr 2026 13:04
Vertigoaway,,smomked out,07 Apr 2026 13:02
Vertigoaway,,trains a coming,07 Apr 2026 12:59
Vertigoaway,,pls take ur shoes off b4 entering,07 Apr 2026 12:57
Crystal Castles,,Insulin,07 Apr 2026 12:55
Crystal Castles,,Pale Flesh,07 Apr 2026 12:54
Crystal Castles,,Intimate,07 Apr 2026 12:51
Crystal Castles,,Pap Smear,07 Apr 2026 12:49
Crystal Castles,,Courtship Dating,07 Apr 2026 12:46
Crystal Castles,,Vanished,07 Apr 2026 12:44
Crystal Castles,,Magic Spells,07 Apr 2026 12:36
Crystal Castles,,Reckless,07 Apr 2026 12:35
Crystal Castles,,1991,07 Apr 2026 12:33
Crystal Castles,,Through the Hosiery,07 Apr 2026 12:31
Frizk,,Real Fellas,06 Apr 2026 23:46
Frizk,,Bright Stuff,06 Apr 2026 23:45
Frizk,,Gorveve,06 Apr 2026 23:43
Frizk,,I Feel Alright,06 Apr 2026 23:41
Frizk,,I Know I Hear You,06 Apr 2026 23:38
Frizk,,Closing Up,06 Apr 2026 23:37
Frizk,,Bitrate,06 Apr 2026 23:36
Frizk,,Flashback,06 Apr 2026 23:34
Frizk,,Fusion Core,06 Apr 2026 23:32
Frizk,,Leave u GONE,06 Apr 2026 23:30
Frizk,,Rainy Day,06 Apr 2026 23:29
Frizk,,Please Hold,06 Apr 2026 23:28
Frizk,,Bright Stuff,06 Apr 2026 23:26
Frizk,,Real Fellas,06 Apr 2026 23:25
Frizk,,I Feel Alive,06 Apr 2026 23:22
Frizk,,I Feel Alright,06 Apr 2026 23:20
Frizk,,Gorveve,06 Apr 2026 23:18
Frizk,,Closing Up,06 Apr 2026 23:17
Frizk,,Flashback,06 Apr 2026 23:16
Frizk,,Bitrate,06 Apr 2026 23:14
Frizk,,I Know I Hear You,06 Apr 2026 23:12
Frizk,,Fusion Core,06 Apr 2026 23:10
Frizk,,Rainy Day,06 Apr 2026 23:08
Frizk,,Leave u GONE,06 Apr 2026 23:06
Frizk,,Please Hold,06 Apr 2026 23:05
Frizk,,Real Fellas,06 Apr 2026 23:04
Frizk,,Bright Stuff,06 Apr 2026 23:02
Frizk,,Gorveve,06 Apr 2026 23:00
Frizk,,Flashback,06 Apr 2026 22:59
Frizk,,Bitrate,06 Apr 2026 22:57
Frizk,,I Feel Alright,06 Apr 2026 22:55
Frizk,,I Feel Alive,06 Apr 2026 22:54
Frizk,,I Feel Alive,06 Apr 2026 22:06
Frizk,,Closing Up,06 Apr 2026 22:05
Frizk,,Real Fellas,06 Apr 2026 22:03
Frizk,,Please Hold,06 Apr 2026 22:02
Frizk,,I Know I Hear You,06 Apr 2026 22:00
Frizk,,Rainy Day,06 Apr 2026 21:59
Frizk,,Leave u GONE,06 Apr 2026 21:57
Frizk,,Fusion Core,06 Apr 2026 21:53
FEM&M,,Pinata Break,06 Apr 2026 21:51
FEM&M,,Lost Signal,06 Apr 2026 21:49
FEM&M,,Input Control,06 Apr 2026 21:47
Toby Fox,,Queen,06 Apr 2026 21:46
Toby Fox,,Berdly,06 Apr 2026 21:46
Toby Fox,,Pandora Palace,06 Apr 2026 21:44
Toby Fox,,It's Pronounced Rules,06 Apr 2026 21:43
Toby Fox,,The Dark Truth,06 Apr 2026 21:42
Toby Fox,,Cyber Battle,06 Apr 2026 21:41
Toby Fox,,NOW'S YOUR CHANCE TO BE A,06 Apr 2026 21:40
Toby Fox,,Attack of the Killer Queen,06 Apr 2026 21:38
Toby Fox,,Spamton,06 Apr 2026 21:37
Toby Fox,,Holiday Studio,06 Apr 2026 21:37
Toby Fox,,Lost Girl,06 Apr 2026 21:36
Toby Fox,,Bluebird of Misfortune,06 Apr 2026 21:35
Frizk,,I Feel Alive,06 Apr 2026 20:52
Frizk,,Rainy Day,06 Apr 2026 20:50
Frizk,,Bright Stuff,06 Apr 2026 20:49
Frizk,,Leave u GONE,06 Apr 2026 20:47
Frizk,,I Feel Alright,06 Apr 2026 20:45
Frizk,,Bitrate,06 Apr 2026 20:43
Frizk,,Gorveve,06 Apr 2026 20:41
Frizk,,Please Hold,06 Apr 2026 20:40
Frizk,,Flashback,06 Apr 2026 20:39
Frizk,,Fusion Core,06 Apr 2026 20:36
No Agreements,,GnB Chili - Save Me,06 Apr 2026 20:28
Chuckster,,Ocarina of Time - Lost Woods,06 Apr 2026 20:25
LCONDATRACK,,LCONDATRACK - HERE WE GO AGAIN,06 Apr 2026 20:24
Kyra,,Romantic 2,06 Apr 2026 20:22
stm,,runaway girl,06 Apr 2026 20:19
prod.jk8,,Japan,06 Apr 2026 20:17
usedcvnt,,i need 2 feel reality,06 Apr 2026 20:15
GNB CHILI,,Tropical Nights,06 Apr 2026 20:12
LAKEY INSPIRED,,LAKEY INSPIRED - Chill Day,06 Apr 2026 20:11
tasanee,,crystal castles - suffocation,06 Apr 2026 20:06
Fishcracks,,Fishcracks - Slumber Party,06 Apr 2026 20:03
Gorillaz,,Gorillaz - On Melancholy Hill,06 Apr 2026 19:59
cadenkala,,Renai Circulation Pluggnb,06 Apr 2026 19:57
fur:trash,,terminal oden od,06 Apr 2026 19:57
fur:trash,,the sus files,06 Apr 2026 19:55
fur:trash,,the cashier looked at me weird i don't know if i can go back,06 Apr 2026 19:53
fur:trash,,new notification dopamine,06 Apr 2026 19:50
fur:trash,,this is the daria i've ever made,06 Apr 2026 19:49
fur:trash,,LONG LIVE THE KING,06 Apr 2026 19:48
fur:trash,,unabomber arc,06 Apr 2026 19:44
fur:trash,,PUPLIFE,06 Apr 2026 19:41
fur:trash,,DOGPIT,06 Apr 2026 19:39
fur:trash,,puppydog's lament,06 Apr 2026 19:38
fur:trash,,LEASH,06 Apr 2026 19:36
fur:trash,,AUTISM BE DAMNED!,06 Apr 2026 19:33
KNOWER,,Crash The Car,06 Apr 2026 18:25
bandcamp archiver guy,,AZRAEL-II - MiKU MUST DiE,06 Apr 2026 18:23
usedcvnt,,i need 2 feel reality,06 Apr 2026 15:52
tasanee,,crystal castles - suffocation,06 Apr 2026 15:51
Kyra,,Romantic 2,06 Apr 2026 15:49
Fishcracks,,Fishcracks - Slumber Party,06 Apr 2026 15:48
fur:trash,,scene kweenz,06 Apr 2026 15:45
fur:trash,,v0id,06 Apr 2026 15:44
fur:trash,,your local menace to society,06 Apr 2026 15:42
fur:trash,,tinnitus speedrun any% wr,06 Apr 2026 15:37
fur:trash,,wanna fucking scream!!!,06 Apr 2026 15:35
fur:trash,,bitingmynails / bitingmylips,06 Apr 2026 15:32
fur:trash,,21,06 Apr 2026 14:39
fur:trash,,supa girl racer 5,06 Apr 2026 14:37
fur:trash,,you're fake as fuck,06 Apr 2026 14:35
fur:trash,,this is the daria i've ever made,06 Apr 2026 14:34
fur:trash,,five nights at jason derulo's,06 Apr 2026 14:32
fur:trash,,black tar heroin,06 Apr 2026 14:29
fur:trash,,nice opinion one small issue,06 Apr 2026 14:26
fur:trash,,funnycore twerkhouse,06 Apr 2026 14:25
fur:trash,,anesthetic,06 Apr 2026 14:23
fur:trash,,nothing makes sense and i'm lost,06 Apr 2026 14:21
fur:trash,,z-mecha,06 Apr 2026 14:20
fur:trash,,z-mecha,05 Apr 2026 20:12
fur:trash,,stay high,05 Apr 2026 20:09
fur:trash,,the sus files,05 Apr 2026 19:33
fur:trash,,bad crack style 2012,05 Apr 2026 19:31
fur:trash,,the cashier looked at me weird i don't know if i can go back,05 Apr 2026 19:28
fur:trash,,new notification dopamine,05 Apr 2026 19:26
fur:trash,,nah i'm out of title ideas,05 Apr 2026 19:22
fur:trash,,classically trained in dariacore,05 Apr 2026 19:21
fur:trash,,gr!ndcore or something idk im hxrny,05 Apr 2026 19:20
fur:trash,,scene kweenz,05 Apr 2026 19:18
fur:trash,,old money bitch,05 Apr 2026 19:14
fur:trash,,your local menace to society,05 Apr 2026 19:12
fur:trash,,hound down,05 Apr 2026 19:10
fur:trash,,you're finally awake sussy baka? u must've hit ur head hard c'mon let's go listen 2 skrillex,05 Apr 2026 19:09
fur:trash,,sadb0i dariacore,05 Apr 2026 19:07
fur:trash,,bitingmynails / bitingmylips,05 Apr 2026 19:04
fur:trash,,glue monkey,05 Apr 2026 19:03
fur:trash,,rock that microphone,05 Apr 2026 19:01
fur:trash,,terminal oden od,05 Apr 2026 18:59
fur:trash,,tinnitus speedrun any% wr,05 Apr 2026 18:55
fur:trash,,move like a freak!,05 Apr 2026 18:53
fur:trash,,v0id,05 Apr 2026 18:51
fur:trash,,let me oute!!!,05 Apr 2026 18:49
fur:trash,,feeling lucky,05 Apr 2026 18:47
fur:trash,,wanna fucking scream!!!,05 Apr 2026 18:45
fur:trash,,bxphomet goatmilk 🜏 666,05 Apr 2026 18:42
Frizk,,I Feel Alright,04 Apr 2026 22:27
Frizk,,Closing Up,04 Apr 2026 22:26
Frizk,,Bitrate,04 Apr 2026 22:25
Frizk,,I Know I Hear You,04 Apr 2026 22:23
Frizk,,Rainy Day,04 Apr 2026 22:21
Frizk,,Leave u GONE,04 Apr 2026 22:19
Frizk,,Please Hold,04 Apr 2026 22:18
Frizk,,Flashback,04 Apr 2026 22:17
Frizk,,I Feel Alive,04 Apr 2026 22:14
Frizk,,Bright Stuff,04 Apr 2026 22:13
Frizk,,Real Fellas,04 Apr 2026 22:11
Frizk,,Fusion Core,04 Apr 2026 22:09
Frizk,,I Feel Alright,04 Apr 2026 22:07
Frizk,,Closing Up,04 Apr 2026 22:06
Frizk,,Gorveve,04 Apr 2026 22:04
Frizk,,Rainy Day,04 Apr 2026 22:02
Frizk,,Leave u GONE,04 Apr 2026 22:01
Frizk,,Bitrate,04 Apr 2026 21:59
Frizk,,Flashback,04 Apr 2026 21:58
Frizk,,Please Hold,04 Apr 2026 21:57
Frizk,,I Know I Hear You,04 Apr 2026 21:54
Frizk,,Real Fellas,04 Apr 2026 21:53
Frizk,,Closing Up,04 Apr 2026 21:52
Frizk,,I Feel Alright,04 Apr 2026 21:50
Frizk,,Fusion Core,04 Apr 2026 21:48
Frizk,,I Feel Alive,04 Apr 2026 21:45
Frizk,,Bright Stuff,04 Apr 2026 21:44
Hellripper,,Coronach,04 Apr 2026 21:39
Hellripper,,The Art of Resurrection,04 Apr 2026 21:34
Hellripper,,Sculptor's Cave,04 Apr 2026 21:29
Hellripper,,Mortercheyn,04 Apr 2026 21:25
Hellripper,,Blakk Satanik Fvkkstorm,04 Apr 2026 21:21
Bobbing,,What Went Weird,04 Apr 2026 21:21
Bobbing,,Mastodon Matador,04 Apr 2026 21:19
Bobbing,,Threat Level Midnight,04 Apr 2026 21:17
Bobbing,,Ah Uh Oh,04 Apr 2026 21:16
Bobbing,,Introductory Remarks,04 Apr 2026 21:14
Bobbing,,Snaggle Tooth,04 Apr 2026 21:13
Bobbing,,The Big Unit,04 Apr 2026 21:12
Bobbing,,Distant Rumbling / Closing Remarks,04 Apr 2026 21:11
Bobbing,,Do You Have Cowboy Hat,04 Apr 2026 21:10
Bobbing,,Blink Blink Blink,04 Apr 2026 21:09
Bobbing,,Tous Les Jours,04 Apr 2026 21:08
Bobbing,,Kelly's Dungeon,04 Apr 2026 21:07
Bobbing,,Sweet Thing,04 Apr 2026 19:47
Bobbing,,Cool Hold Music,04 Apr 2026 19:46
Bobbing,,Near Death Bossa Nova,04 Apr 2026 19:45
Bobbing,,Hypemanda Mk I,04 Apr 2026 19:44
Bobbing,,Bad at Texting / World's Last Mango Juul Pod,04 Apr 2026 19:43
Bobbing,,Snaggle Tooth,04 Apr 2026 16:30
Bobbing,,Mastodon Matador,04 Apr 2026 16:28
Bobbing,,Ah Uh Oh,04 Apr 2026 16:26
Bobbing,,The Big Unit,04 Apr 2026 16:25
Bobbing,,Introductory Remarks,04 Apr 2026 16:24
Bobbing,,Threat Level Midnight,04 Apr 2026 16:23
Bobbing,,What Went Weird,04 Apr 2026 16:21
Tabby,,NEWGROUNDS HITMAN,04 Apr 2026 16:17
Tabby,,VEGETARIAN,04 Apr 2026 16:16
Tabby,,YEAR OF THE NAUGHTY FOX,04 Apr 2026 16:13
GNB CHILI,,Blazing in the Dark,04 Apr 2026 16:11
xaptiox,,soup,04 Apr 2026 16:10
GNB CHILI,,anything 2,04 Apr 2026 16:10
eightiesheadachetape,,the bowling alley,04 Apr 2026 16:08
Akiba,,MOOGCiTY,04 Apr 2026 16:05
S777N,,s777n - remains of a corrupted file,04 Apr 2026 16:03
Missing Music,,Emray - About 10 Hours of making Breakcore,04 Apr 2026 16:00
IX Fall$,,IX FALL$ - buried yet so frail,04 Apr 2026 15:58
usedcvnt,,i need 2 feel reality,04 Apr 2026 15:55
hkmori,,0xff,04 Apr 2026 15:55
ソルス,,Yung Lain - Ciel,04 Apr 2026 15:52
MAILPUP,,THIS ONE'S FOR THE 2000's FURRIES,02 Apr 2026 22:06
MAILPUP,,PURPLE SLURPLE,02 Apr 2026 22:06
MAILPUP,,WASP RAVE,02 Apr 2026 22:03
MAILPUP,,HEWWO KITTY! >:3c,02 Apr 2026 22:02
MAILPUP,,THIS ONE'S FOR THE 2000's FURRIES,02 Apr 2026 22:00
MAILPUP,,PURPLE SLURPLE,02 Apr 2026 21:57
MAILPUP,,WASP RAVE,02 Apr 2026 21:55
MAILPUP,,HEWWO KITTY! >:3c,02 Apr 2026 21:53
MAILPUP,,THIS ONE'S FOR THE 2000's FURRIES,02 Apr 2026 21:50
MAILPUP,,PURPLE SLURPLE,02 Apr 2026 21:47
MAILPUP,,WASP RAVE,02 Apr 2026 21:45
MAILPUP,,HEWWO KITTY! >:3c,02 Apr 2026 21:43
MAILPUP,,WELCOME 2 STAY @ HOME SUMMER,02 Apr 2026 21:43
MAILPUP,,THIS ONE'S FOR THE 2000's FURRIES,02 Apr 2026 21:41
MAILPUP,,PURPLE SLURPLE,02 Apr 2026 21:39
MAILPUP,,WASP RAVE,02 Apr 2026 21:36
MAILPUP,,HEWWO KITTY! >:3c,02 Apr 2026 21:35
r u s s e l b u c k,,SAME PLACE DIFFERENT TIME,02 Apr 2026 21:03
MAILPUP,,PROTECC ATTACC SEXYBACC,02 Apr 2026 21:00
MAILPUP,,THE MAKE UP BEAR,02 Apr 2026 20:54
MAILPUP,,ÄLSKAR DIG!!,02 Apr 2026 20:52
MAILPUP,,HEWWO! ÒwÓ,02 Apr 2026 20:50
MAILPUP,,MY DOG RUNS ON SOYLENT,02 Apr 2026 20:46
MAILPUP,,MYSPACE BANGER 3008,02 Apr 2026 20:45
MAILPUP,,I REALLY REALLY REALLY HATE THE WORLD BUT THAT'S OK AT LEAST I'VE GOT MY GABBER DRUM,02 Apr 2026 20:43
MAILPUP,,NAMx,02 Apr 2026 20:40
MAILPUP,,PROTECC ATTACC SEXYBACC,02 Apr 2026 20:38
MAILPUP,,THE MAKE UP BEAR,02 Apr 2026 20:36
MAILPUP,,ÄLSKAR DIG!!,02 Apr 2026 20:32
MAILPUP,,HEWWO! ÒwÓ,02 Apr 2026 20:30
bandcamp archiver guy,,AZRAEL-II - POWERHAUS 2014,02 Apr 2026 20:29
MAILPUP,,LET ME MAIL YOUR PACKAGE,02 Apr 2026 20:27
MAILPUP,,ASS UP!,02 Apr 2026 20:25
MAILPUP,,HARDER DADDY,02 Apr 2026 20:22
MAILPUP,,LET ME MAIL YOUR PACKAGE,02 Apr 2026 18:00
MAILPUP,,ASS UP!,02 Apr 2026 17:58
MAILPUP,,HARDER DADDY,02 Apr 2026 17:56
bandcamp archiver guy,,MAILPUP - ASS UP!,02 Apr 2026 17:55
68+1,,here I am,02 Apr 2026 17:53
usedcvnt,,i need 2 feel reality,02 Apr 2026 17:48
ソルス,,Yung Lain - Ciel,02 Apr 2026 17:47
xaptiox,,soup,02 Apr 2026 17:39
xaptiox,,ariaMATH - xaptiox,02 Apr 2026 17:37
usedcvnt,,i need 2 feel reality,02 Apr 2026 17:34
theuppermostinlife,,Ftlframe - Subterranean Loner,02 Apr 2026 17:32
S777N,,s777n - remains of a corrupted file,02 Apr 2026 17:28
No Agreements,,GnB Chili - Save Me,02 Apr 2026 17:26
Missing Music,,Emray - About 10 Hours of making Breakcore,02 Apr 2026 17:23
IX Fall$,,IX FALL$ - buried yet so frail,02 Apr 2026 17:21
hkmori,,0xff,02 Apr 2026 17:20
GNB CHILI,,Blazing in the Dark,02 Apr 2026 17:18
GNB CHILI,,anything 2,02 Apr 2026 17:15
eightiesheadachetape,,what we did in the desert,02 Apr 2026 16:16
eightiesheadachetape,,the bowling alley,02 Apr 2026 16:14
Akiba,,MOOGCiTY,02 Apr 2026 16:11
68+1,,your eyes,02 Apr 2026 16:09
68+1,,here I am,02 Apr 2026 16:07
Frizk,,give it a little more,02 Apr 2026 16:03
Frizk,,Beach Nearby,02 Apr 2026 16:01
Frizk,,Blue Raspberry Field,02 Apr 2026 16:00
Frizk,,I Wish It Were Colder,02 Apr 2026 15:58
Frizk,,By The Trees,02 Apr 2026 15:55
Frizk,,Your Local Forecast 1133,02 Apr 2026 15:52
Frizk,,Tryondas Galaxy,02 Apr 2026 15:50
Frizk,,give it a little more,02 Apr 2026 15:47
Frizk,,Select Your Car!,02 Apr 2026 15:45
Frizk,,Beach Nearby,02 Apr 2026 15:43
Frizk,,Blue Raspberry Field,02 Apr 2026 15:41
Frizk,,By The Trees,02 Apr 2026 15:39
Frizk,,I Wish It Were Colder,02 Apr 2026 15:36
Frizk,,Tryondas Galaxy,02 Apr 2026 15:34
Frizk,,give it a little more,02 Apr 2026 15:32
Frizk,,Your Local Forecast 1133,02 Apr 2026 15:29
Frizk,,Blue Raspberry Field,02 Apr 2026 15:27
Frizk,,Beach Nearby,02 Apr 2026 15:24
Frizk,,Select Your Car!,02 Apr 2026 15:22
Toby Fox,,A CYBER'S WORLD?,01 Apr 2026 22:07
Toby Fox,,A Real Boy!,01 Apr 2026 22:06
Toby Fox,,Cyber Battle,01 Apr 2026 22:05
Toby Fox,,The Legend,01 Apr 2026 22:04
Toby Fox,,Field of Hopes And Dreams,01 Apr 2026 22:01
Toby Fox,,Imminent Death,01 Apr 2026 22:01
Toby Fox,,Your Power,01 Apr 2026 22:01
Toby Fox,,Quiet Autumn,01 Apr 2026 22:00
Toby Fox,,GALLERY,01 Apr 2026 22:00
Toby Fox,,Susie,01 Apr 2026 21:59
Toby Fox,,Fanfare,01 Apr 2026 21:59
Toby Fox,,School,01 Apr 2026 21:57
Toby Fox,,A Town Called Hometown,01 Apr 2026 21:56
Toby Fox,,basement,01 Apr 2026 21:55
Toby Fox,,Don't Forget - Toby Fox & Laura Shigihara,01 Apr 2026 21:54
Toby Fox,,I'm Very Bad,01 Apr 2026 21:54
Toby Fox,,The Door,01 Apr 2026 21:54
Toby Fox,,lancer,01 Apr 2026 21:53
Toby Fox,,THE WORLD REVOLVING,01 Apr 2026 21:51
Toby Fox,,Before the Story,01 Apr 2026 21:50
Toby Fox,,Chaos King,01 Apr 2026 21:48
Toby Fox,,Scarlet Forest,01 Apr 2026 21:46
Toby Fox,,Rude Buster,01 Apr 2026 21:45
Toby Fox,,Lantern,01 Apr 2026 21:43
Toby Fox,,THE HOLY,01 Apr 2026 21:42
Toby Fox,,Quiet Autumn,01 Apr 2026 21:42
Toby Fox,,19. Scarlet Forest,01 Apr 2026 21:41
Toby Fox,,8. The Legend - Toby Fox,01 Apr 2026 21:40
Toby Fox,,28. Hip Shop - Toby Fox,01 Apr 2026 21:39
Toby Fox,,13. Field of Hopes and Dreams - Toby Fox,01 Apr 2026 21:36
Frizk,,Frizk - Samplerate,01 Apr 2026 21:34
Frizk,,Frizk - Samplerate,01 Apr 2026 21:32
Frizk,,Oh Yeah?,01 Apr 2026 21:30
Frizk,,I Feel Alive,01 Apr 2026 21:28
Frizk,,Frizk - Frizk Fundamentals!,01 Apr 2026 21:26
Frizk,,Gorveve,01 Apr 2026 21:21
Frizk,,Frizk - Soft Chords,01 Apr 2026 21:17
Frizk,,Friend,01 Apr 2026 21:15
Frizk,,Oh Yeah?,01 Apr 2026 21:13
Frizk,,Frizk - By The Trees,01 Apr 2026 21:10
Frizk,,Bossa Break!,01 Apr 2026 21:08
Frizk,,Blue Hour Funk,01 Apr 2026 21:05
Missing Music,,Emray - About 10 Hours of making Breakcore,01 Apr 2026 14:50
68+1,,here I am,01 Apr 2026 14:48
68+1,,your eyes,01 Apr 2026 14:36
IX Fall$,,IX FALL$ - buried yet so frail,01 Apr 2026 14:33
No Agreements,,GnB Chili - Save Me,01 Apr 2026 14:31
ソルス,,Yung Lain - Ciel,01 Apr 2026 14:28
S777N,,s777n - remains of a corrupted file,01 Apr 2026 14:25
xaptiox,,soup,01 Apr 2026 14:23
GNB CHILI,,anything 2,01 Apr 2026 14:21
xaptiox,,ariaMATH - xaptiox,01 Apr 2026 14:19
prod.jk8,,Japan,01 Apr 2026 14:17
Aphex Twin,,Petiatil Cx Htdui,01 Apr 2026 14:16
GNB CHILI,,Tropical Nights,01 Apr 2026 14:13
Gorillaz,,Gorillaz - On Melancholy Hill,01 Apr 2026 14:09
usedcvnt,,i need 2 feel reality,01 Apr 2026 14:06
stm,,runaway girl,01 Apr 2026 14:04
LCONDATRACK,,LCONDATRACK - HERE WE GO AGAIN,01 Apr 2026 14:02
Kyra,,Romantic 2,01 Apr 2026 14:00
cadenkala,,Renai Circulation Pluggnb,01 Apr 2026 13:58
Edwin Rosen,,Die Sterne,01 Apr 2026 13:57
prod.jk8,,Japan,01 Apr 2026 13:55
GNB CHILI,,Tropical Nights,01 Apr 2026 13:52
tasanee,,crystal castles - suffocation,01 Apr 2026 13:47
Snuffles,,THIS THOUGHT - Frizk & snuffles,01 Apr 2026 13:44
theuppermostinlife,,Ftlframe - Subterranean Loner,31 Mar 2026 22:04
68+1,,your eyes,31 Mar 2026 22:01
Akiba,,MOOGCiTY,31 Mar 2026 21:59
xaptiox,,soup,31 Mar 2026 21:56
IX Fall$,,IX FALL$ - buried yet so frail,31 Mar 2026 21:53
Missing Music,,Emray - About 10 Hours of making Breakcore,31 Mar 2026 21:50
eightiesheadachetape,,what we did in the desert,31 Mar 2026 21:46
usedcvnt,,i need 2 feel reality,31 Mar 2026 21:43
xaptiox,,ariaMATH - xaptiox,31 Mar 2026 21:41
eightiesheadachetape,,the bowling alley,31 Mar 2026 21:39
S777N,,s777n - remains of a corrupted file,31 Mar 2026 21:36
GNB CHILI,,anything 2,31 Mar 2026 21:33
68+1,,here I am,31 Mar 2026 21:31
ソルス,,Yung Lain - Ciel,31 Mar 2026 21:28
hkmori,,0xff,31 Mar 2026 21:27
Nuvfr,,Pink flame,31 Mar 2026 21:11
kets4eki,,kets4eki - pick & choose,31 Mar 2026 21:09
Phonk Gang,,FORGOTTENAGE HA-HA!,31 Mar 2026 21:07
Ayesha Erotica,,House Party,31 Mar 2026 21:05
Trap Nation,,Bread Beatz - Love Game,31 Mar 2026 21:03
Luci4,,Luci4 - BodyPartz,31 Mar 2026 21:02
Almas Nation | 靛藍,,ZØMB x durpo1x - POSSESSIVE LOVE DISORDER,31 Mar 2026 21:00
Odetari,,Odetari - SMB,31 Mar 2026 20:58
Britney Manson,,Britney Manson - FΛSHION,31 Mar 2026 20:56
marlu,,Narcissistic gem,31 Mar 2026 20:54
6arelyhuman,,6arelyhuman asteria - BLOODBATH,31 Mar 2026 20:52
Nonthense,,DXXXRTY!,31 Mar 2026 20:50
LOVELI LORI,,loveli lori & ovg! - love for you,31 Mar 2026 20:47
Odetari,,ODETARI asteria - TELL ME LIES,31 Mar 2026 20:45
Nateki,,Nateki x PLAYAMANE - Midnight,31 Mar 2026 20:44
6arelyhuman,,6arelyhuman - Faster N Harder,31 Mar 2026 20:42
HyperTunes,,ODETARI - DICE & ROLL,31 Mar 2026 20:40
GNB CHILI,,Save Me,31 Mar 2026 20:37
Snuffles,,THIS THOUGHT - Frizk & snuffles,31 Mar 2026 20:17
tasanee,,crystal castles - suffocation,31 Mar 2026 20:16
usedcvnt,,i need 2 feel reality,31 Mar 2026 20:15
KAJ,,Operation Sodasteal - TUMBLR SEXYMAN,31 Mar 2026 20:13
TRAELMYX,,621 gecs - femboifoxxx |,31 Mar 2026 20:10
Frizk,,Bossa Break!,31 Mar 2026 20:09
Frizk,,Bitrate,31 Mar 2026 20:06
eightiesheadachetape,,what we did in the desert,31 Mar 2026 20:06
eightiesheadachetape,,what we did in the desert,31 Mar 2026 19:14
eightiesheadachetape,,i can not find my jacket,31 Mar 2026 19:12
eightiesheadachetape,,as the days go by,31 Mar 2026 19:11
eightiesheadachetape,,the bowling alley,31 Mar 2026 19:09
eightiesheadachetape,,the end of clear ice,31 Mar 2026 19:06
eightiesheadachetape,,what? huh? excuse me? hello???,31 Mar 2026 19:04
eightiesheadachetape,,gas station six pm,31 Mar 2026 19:02
eightiesheadachetape,,i wish that i learned how to draw so i could be making things that look nice instead of this,31 Mar 2026 19:01
eightiesheadachetape,,labyrinth,31 Mar 2026 18:57
eightiesheadachetape,,drift,31 Mar 2026 18:55
eightiesheadachetape,,shiver,31 Mar 2026 18:53
eightiesheadachetape,,as the days go by,31 Mar 2026 18:49
eightiesheadachetape,,as the days go by,31 Mar 2026 18:17
eightiesheadachetape,,in and of itself,31 Mar 2026 18:15
eightiesheadachetape,,what we did in the desert,31 Mar 2026 18:12
eightiesheadachetape,,i can not find my jacket,31 Mar 2026 18:10
eightiesheadachetape,,fifty thousand ones and zeroes,31 Mar 2026 18:09
eightiesheadachetape,,fifty thousand ones and zeroes,31 Mar 2026 16:20
eightiesheadachetape,,labyrinth,31 Mar 2026 16:18
eightiesheadachetape,,gas station six pm,31 Mar 2026 16:16
eightiesheadachetape,,i wish that i learned how to draw so i could be making things that look nice instead of this,31 Mar 2026 16:13
eightiesheadachetape,,what? huh? excuse me? hello???,31 Mar 2026 16:12
eightiesheadachetape,,the bowling alley,31 Mar 2026 16:10
eightiesheadachetape,,the end of clear ice,31 Mar 2026 16:07
Sewerslvt,,the last thing she sent me,30 Mar 2026 21:10
GNB CHILI,,Sky,30 Mar 2026 21:09
GNB CHILI,,Descended,30 Mar 2026 21:07
GNB CHILI,,OK Go Crazy,30 Mar 2026 21:05
GNB CHILI,,Let Me Go,30 Mar 2026 21:02
GNB CHILI,,At heart,29 Mar 2026 18:33
GNB CHILI,,Bleeding,29 Mar 2026 18:31
GNB CHILI,,High,29 Mar 2026 18:28
GNB CHILI,,INSURRECTION OF THE MIND,29 Mar 2026 18:25
GNB CHILI,,Sky,29 Mar 2026 18:21
GNB CHILI,,Prayer,29 Mar 2026 18:18
GNB CHILI,,Descended,29 Mar 2026 18:15
GNB CHILI,,OK Go Crazy,29 Mar 2026 18:11
GNB CHILI,,Bleeding,29 Mar 2026 18:09
GNB CHILI,,At heart,29 Mar 2026 18:04
GNB CHILI,,High,29 Mar 2026 18:02
GNB CHILI,,Let Me Go,29 Mar 2026 17:58
GNB CHILI,,Descended,29 Mar 2026 17:55
GNB CHILI,,Sky,29 Mar 2026 17:51
GNB CHILI,,INSURRECTION OF THE MIND,29 Mar 2026 17:48
GNB CHILI,,Prayer,29 Mar 2026 17:45
GNB CHILI,,Bleeding,29 Mar 2026 17:42
GNB CHILI,,OK Go Crazy,29 Mar 2026 17:38
GNB CHILI,,High,29 Mar 2026 17:36
GNB CHILI,,At heart,29 Mar 2026 17:31
sixwing,,3/31,29 Mar 2026 17:30
sixwing,,it's ok,29 Mar 2026 17:29
sixwing,,her body my cathedral,29 Mar 2026 17:25
sixwing,,tearing meat,29 Mar 2026 17:23
sixwing,,choke it out!,29 Mar 2026 17:21
DAVO1984FI,,Mike & Rich - Mr. Frosty,29 Mar 2026 17:16
Yotipo,,Chlorophyll - Venetian Snares,29 Mar 2026 17:14
statenhal,,Speedy J - De-Orbit,29 Mar 2026 17:12
basigoreng,,Venetian Snares - Sink Snow Angel HQ,29 Mar 2026 17:11
Squarepusher,,Squarepusher - squarepusher theme,29 Mar 2026 17:08
Squarepusher,,Squarepusher - squarepusher theme,29 Mar 2026 17:08
EitherorOther,,Chaz Knapp - The Man Who Has Nothing,29 Mar 2026 17:07
usedcvnt,,i need 2 feel reality,29 Mar 2026 17:03
xaptiox,,soup,29 Mar 2026 17:00
theuppermostinlife,,Ftlframe - Subterranean Loner,29 Mar 2026 16:58
Akiba,,MOOGCiTY,29 Mar 2026 16:56
hkmori,,0xff,29 Mar 2026 16:55
ソルス,,Yung Lain - Ciel,29 Mar 2026 16:52
GNB CHILI,,Blazing in the Dark,29 Mar 2026 16:47
68+1,,your eyes,29 Mar 2026 16:45
xaptiox,,ariaMATH - xaptiox,29 Mar 2026 16:43
eightiesheadachetape,,the bowling alley,29 Mar 2026 16:42
ナツメックス,,FTLFRAME - Shine_die,29 Mar 2026 16:41
eightiesheadachetape,,what we did in the desert,29 Mar 2026 16:39
68+1,,your eyes,29 Mar 2026 16:36
Missing Music,,Emray - About 10 Hours of making Breakcore,29 Mar 2026 16:33
hkmori,,0xff,29 Mar 2026 16:32
eightiesheadachetape,,what we did in the desert,29 Mar 2026 13:42
No Agreements,,GnB Chili - Save Me,29 Mar 2026 13:40
usedcvnt,,i need 2 feel reality,29 Mar 2026 13:37
eightiesheadachetape,,the bowling alley,29 Mar 2026 13:35
GNB CHILI,,anything 2,29 Mar 2026 13:32
theuppermostinlife,,Ftlframe - Subterranean Loner,29 Mar 2026 13:30
IX Fall$,,IX FALL$ - buried yet so frail,29 Mar 2026 13:27
xaptiox,,ariaMATH - xaptiox,29 Mar 2026 13:26
sixwing,,choke it out!,28 Mar 2026 23:21
salv the dog,,choke it out!,28 Mar 2026 23:19
xaptiox,,ariaMATH - xaptiox,28 Mar 2026 23:12
xaptiox,,soup,28 Mar 2026 23:09
usedcvnt,,i need 2 feel reality,28 Mar 2026 23:06
ソルス,,Yung Lain - Ciel,28 Mar 2026 23:03
GNB CHILI,,Blazing in the Dark,28 Mar 2026 23:01
Akiba,,MOOGCiTY,28 Mar 2026 22:59
ナツメックス,,FTLFRAME - Shine_die,28 Mar 2026 22:57
68+1,,here I am,28 Mar 2026 22:55
eightiesheadachetape,,the bowling alley,28 Mar 2026 22:53
usedcvnt,,i need 2 feel reality,28 Mar 2026 22:50
Missing Music,,Emray - About 10 Hours of making Breakcore,28 Mar 2026 22:46
hkmori,,0xff,28 Mar 2026 22:46
eightiesheadachetape,,what we did in the desert,28 Mar 2026 22:41
68+1,,your eyes,28 Mar 2026 22:39
No Agreements,,GnB Chili - Save Me,28 Mar 2026 22:37
S777N,,s777n - remains of a corrupted file,28 Mar 2026 22:33
tasanee,,crystal castles - suffocation,28 Mar 2026 22:13
usedcvnt,,i need 2 feel reality,28 Mar 2026 22:10
Aphex Twin,,Petiatil Cx Htdui,28 Mar 2026 22:09
prod.jk8,,Japan,28 Mar 2026 22:08
stm,,runaway girl,28 Mar 2026 22:05
GNB CHILI,,Tropical Nights,28 Mar 2026 22:03
GNB CHILI,,Tropical Nights,28 Mar 2026 21:43
Snuffles,,THIS THOUGHT - Frizk & snuffles,28 Mar 2026 21:40
Snuffles,,THIS THOUGHT - Frizk & snuffles,28 Mar 2026 11:56
GNB CHILI,,Tropical Nights,27 Mar 2026 22:13
No Agreements,,GnB Chili - Save Me,27 Mar 2026 22:12
usedcvnt,,i need 2 feel reality,27 Mar 2026 22:10
stm,,runaway girl,27 Mar 2026 22:07
prod.jk8,,Japan,27 Mar 2026 22:06
Aphex Twin,,Petiatil Cx Htdui,27 Mar 2026 22:04
Kyra,,Romantic 2,27 Mar 2026 22:02
LCONDATRACK,,LCONDATRACK - HERE WE GO AGAIN,27 Mar 2026 22:00
Edwin Rosen,,Die Sterne,27 Mar 2026 21:59
Gorillaz,,Gorillaz - On Melancholy Hill,27 Mar 2026 21:57
Fishcracks,,Fishcracks - Slumber Party,27 Mar 2026 21:54
Snuffles,,THIS THOUGHT - Frizk & snuffles,27 Mar 2026 21:51
tasanee,,crystal castles - suffocation,27 Mar 2026 21:46
No Agreements,,GnB Chili - Save Me,27 Mar 2026 21:44
GNB CHILI,,Tropical Nights,27 Mar 2026 21:42
usedcvnt,,i need 2 feel reality,27 Mar 2026 21:40
MAILPUP,,WASP RAVE,27 Mar 2026 21:39
MAILPUP,,THIS ONE'S FOR THE 2000's FURRIES,27 Mar 2026 21:37
MAILPUP,,HEWWO KITTY! >:3c,27 Mar 2026 21:35
MAILPUP,,PURPLE SLURPLE,27 Mar 2026 21:33
MAILPUP,,WASP RAVE,27 Mar 2026 21:32
MAILPUP,,WASP RAVE,27 Mar 2026 21:09
MAILPUP,,THIS ONE'S FOR THE 2000's FURRIES,27 Mar 2026 21:06
MAILPUP,,DUELING GABBAZ,27 Mar 2026 21:05
MAILPUP,,PURPLE SLURPLE,27 Mar 2026 21:03
MAILPUP,,HEWWO KITTY! >:3c,27 Mar 2026 21:01
MAILPUP,,WASP RAVE,27 Mar 2026 21:01
MAILPUP,,PURPLE SLURPLE,27 Mar 2026 20:56
MAILPUP,,HEWWO KITTY! >:3c,27 Mar 2026 20:54
MAILPUP,,THIS ONE'S FOR THE 2000's FURRIES,27 Mar 2026 20:52
MAILPUP,,WASP RAVE,27 Mar 2026 20:50
bandcamp archiver guy,,AZRAEL-II - POWERHAUS 2014,27 Mar 2026 20:06
bandcamp archiver guy,,MAILPUP - LET ME MAIL YOUR PACKAGE,27 Mar 2026 20:05
bandcamp archiver guy,,MAILPUP - FEED YOUR LOCAL MAILPUP,27 Mar 2026 20:02
bandcamp archiver guy,,MAILPUP - ASS UP!,27 Mar 2026 20:00
bandcamp archiver guy,,MAILPUP - BORIS JOHNSON DEATH INCANTATION,27 Mar 2026 19:58
bandcamp archiver guy,,MAILPUP - HARDER DADDY,27 Mar 2026 19:55
bandcamp archiver guy,,AZRAEL-II - MiKU MUST DiE,27 Mar 2026 19:53
MAILPUP,,DANCING WITH SVANTE,27 Mar 2026 19:50
bandcamp archiver guy,,AZRAEL-II - MiKU MUST DiE,27 Mar 2026 19:41
stm,,runaway girl,27 Mar 2026 19:33
bandcamp archiver guy,,Paul Elstak - don't leave me alone,27 Mar 2026 19:32
bandcamp archiver guy,,ren styler - battle for the thunderdome,27 Mar 2026 19:28
bandcamp archiver guy,,ren styler - ruff,27 Mar 2026 19:27
bandcamp archiver guy,,MAILPUP - FEED YOUR LOCAL MAILPUP,27 Mar 2026 19:24
bandcamp archiver guy,,MAILPUP - LET ME MAIL YOUR PACKAGE,27 Mar 2026 19:24
bandcamp archiver guy,,MAILPUP - HARDER DADDY,27 Mar 2026 19:21
bandcamp archiver guy,,TABBY - GAY ROBOTS,27 Mar 2026 19:20
6arelyhuman,,6arelyhuman - CR4CK HOUSE,27 Mar 2026 19:18
kurtains,,i want ya,27 Mar 2026 19:16
OSEAN WORLD,,YAMEII - BABY MY PHONE,27 Mar 2026 19:15
trxshcore raver,,suicidal idol - ecstacy,27 Mar 2026 19:13
ericdoa,,ericdoa - the cake is a lie,27 Mar 2026 19:11
100 gecs,,100 gecs - 757 {OFFICIAL AUDIO},27 Mar 2026 19:08
laura les,,laura les - Haunted {OFFICIAL MUSIC VIDEO},27 Mar 2026 19:07
Jane Remover,,Jane Remover — Professional Vengeance,27 Mar 2026 19:03
Mio Nakae,,Atonic Inc ; Kiss me || Lyrics,27 Mar 2026 19:01
saraunh0ly,,tension,27 Mar 2026 18:58
Charli xcx,,Charli XCX - detonate,27 Mar 2026 18:58
2hollis,,2hollis - crush,27 Mar 2026 16:14
bandcamp archiver guy,,MAILPUP - LET ME MAIL YOUR PACKAGE,27 Mar 2026 16:10
bandcamp archiver guy,,MAILPUP - DRAIN PUPPY MAIL ME IMMEDIATELY,27 Mar 2026 16:08
bandcamp archiver guy,,MAILPUP - DRAIN PUPPY MAIL ME IMMEDIATELY,27 Mar 2026 16:06
bandcamp archiver guy,,MAILPUP - HARDER DADDY,27 Mar 2026 16:04
bandcamp archiver guy,,MAILPUP - BORIS JOHNSON DEATH INCANTATION,27 Mar 2026 16:02
bandcamp archiver guy,,TABBY - THIS IS WHO I AM,27 Mar 2026 15:59
bandcamp archiver guy,,MAILPUP - LET ME MAIL YOUR PACKAGE,27 Mar 2026 15:59
MAILPUP,,DANCING WITH SVANTE,27 Mar 2026 15:55
bandcamp archiver guy,,TABBY - KILLJOYS 4 EVAH,27 Mar 2026 15:53
bandcamp archiver guy,,MAILPUP - HARDER DADDY,27 Mar 2026 15:51
bandcamp archiver guy,,TABBY - TERMINALLY ONLINE,27 Mar 2026 15:48
Alice Gas,,FERRARI,27 Mar 2026 15:44
totheheart,,hkmori - i just want to be your friend...,27 Mar 2026 15:41
4banga,,Unleash,27 Mar 2026 15:40
bandcamp archiver guy,,ren styler - made with love,27 Mar 2026 15:36
SenpaiX,,TO MY CRUSHᐸ3,27 Mar 2026 15:31
Goldmund,,Light,27 Mar 2026 15:30
Sury,,Simon Curtis - Flesh,27 Mar 2026 15:26
bandcamp archiver guy,,AZRAEL-II - MiKU MUST DiE,27 Mar 2026 15:22
Kesey,,Aphex Twin,27 Mar 2026 13:41
Warp Records,,Aphex Twin aisatsana,27 Mar 2026 13:35
Aphex Twin,,Nanou2,27 Mar 2026 13:33
Aphex Twin,,Aphex Twin - On,27 Mar 2026 13:30
Aphex Twin,,Jynweythek,27 Mar 2026 13:27
Aphex Twin,,produk 29,27 Mar 2026 13:22
Aphex Twin,,Meltphace 6,27 Mar 2026 13:16
Aphex Twin,,Acrid Avid Jam Shred,27 Mar 2026 13:13
Aphex Twin,,IZ-US,27 Mar 2026 13:12
rosoo1,,Aphex twin - Hexagon,27 Mar 2026 13:11
R&S Records,,Aphex Twin - Delphium,27 Mar 2026 13:08
Aphex Twin,,Petiatil Cx Htdui,27 Mar 2026 13:06
Aphex Twin,,Kesson Dalek,27 Mar 2026 13:04
Aphex Twin,,Avril 14th,27 Mar 2026 13:02
R&S Records,,Aphex Twin - Ptolemy,27 Mar 2026 13:01
R&S Records,,Aphex Twin - Pulsewidth,27 Mar 2026 12:57
andrei zetta,,Aphex Twin - Alberto Balsam,27 Mar 2026 12:55
Fishcracks,,Fishcracks - Slumber Party,27 Mar 2026 12:20
stm,,runaway girl,27 Mar 2026 12:18
GNB CHILI,,Tropical Nights,27 Mar 2026 12:06
Edwin Rosen,,Die Sterne,27 Mar 2026 12:05
LCONDATRACK,,LCONDATRACK - HERE WE GO AGAIN,27 Mar 2026 12:04
tasanee,,crystal castles - suffocation,27 Mar 2026 12:03
Snuffles,,THIS THOUGHT - Frizk & snuffles,27 Mar 2026 12:02
Snuffles,,THIS THOUGHT - Frizk & snuffles,27 Mar 2026 11:58
Kyra,,Romantic 2,27 Mar 2026 11:57
LAKEY INSPIRED,,LAKEY INSPIRED - Chill Day,27 Mar 2026 11:56
No Agreements,,GnB Chili - Save Me,27 Mar 2026 11:54
cadenkala,,Renai Circulation Pluggnb,27 Mar 2026 11:52
usedcvnt,,i need 2 feel reality,27 Mar 2026 11:49
prod.jk8,,Japan,27 Mar 2026 11:48
Fishcracks,,Fishcracks - Slumber Party,27 Mar 2026 00:30
stm,,runaway girl,27 Mar 2026 00:28
GNB CHILI,,Tropical Nights,27 Mar 2026 00:25
Gorillaz,,Gorillaz - On Melancholy Hill,27 Mar 2026 00:22
Chuckster,,Ocarina of Time - Lost Woods,27 Mar 2026 00:20
Edwin Rosen,,Die Sterne,27 Mar 2026 00:18
LCONDATRACK,,LCONDATRACK - HERE WE GO AGAIN,27 Mar 2026 00:14
tasanee,,crystal castles - suffocation,27 Mar 2026 00:10
Snuffles,,THIS THOUGHT - Frizk & snuffles,27 Mar 2026 00:07
Kyra,,Romantic 2,27 Mar 2026 00:05
LAKEY INSPIRED,,LAKEY INSPIRED - Chill Day,27 Mar 2026 00:02
No Agreements,,GnB Chili - Save Me (Disavowed),27 Mar 2026 00:00
usedcvnt,,i need 2 feel reality,26 Mar 2026 22:45
Frizk,,Bitrate,26 Mar 2026 22:22
availax,,availax - yeah!,26 Mar 2026 22:15
6arelyhuman,,6arelyhuman - Party Like The 80's (w/ asteria & kets4eki) [Official Lyric Video],26 Mar 2026 22:06
6arelyhuman,,6arelyhuman - Faster N Harder (Official Audio),26 Mar 2026 22:04
6arelyhuman,,6arelyhuman - DDR (Dance Dance Revolution) [Official Music Video],26 Mar 2026 22:03
6arelyhuman,,6arelyhuman - CR4CK HOUSE (Official Audio),26 Mar 2026 22:01
6arelyhuman,,6arelyhuman asteria - BLOODBATH (Official Music Video),26 Mar 2026 21:59
6arelyhuman,,6arelyhuman - Party Like The 80's (w/ asteria & kets4eki) [Official Lyric Video],26 Mar 2026 21:56
6arelyhuman,,6arelyhuman - Faster N Harder (Official Audio),26 Mar 2026 21:54
6arelyhuman,,6arelyhuman - DDR (Dance Dance Revolution) [Official Music Video],26 Mar 2026 21:53
6arelyhuman,,6arelyhuman - CR4CK HOUSE (Official Audio),26 Mar 2026 21:51
6arelyhuman,,6arelyhuman asteria - BLOODBATH (Official Music Video),26 Mar 2026 21:48
6arelyhuman,,6arelyhuman - Party Like The 80's (w/ asteria & kets4eki) [Official Lyric Video],26 Mar 2026 21:46
6arelyhuman,,6arelyhuman - Faster N Harder (Official Audio),26 Mar 2026 21:45
6arelyhuman,Deluxe,6arelyhuman - Party Like The 80's (w/ asteria & kets4eki) [Official Lyric Video],26 Mar 2026 21:43
6arelyhuman,Deluxe,6arelyhuman - Faster N Harder (Official Audio),26 Mar 2026 21:41
6arelyhuman,Deluxe,6arelyhuman - DDR (Dance Dance Revolution) [Official Music Video],26 Mar 2026 21:39
6arelyhuman,Deluxe,6arelyhuman - CR4CK HOUSE (Official Audio),26 Mar 2026 21:37
Asteria,patuu,asteria - WHAT YOU WANT! (feat. Hatsune Miku) (Official Visualizer),26 Mar 2026 21:14
ナツメックス,patuu,FTLFRAME - Shine_die,26 Mar 2026 20:56
Nedaj,patuu,fuji,26 Mar 2026 20:53
Erythh Joao Saratt,Aishiteru!,Can't Sleep at Night,26 Mar 2026 20:51
68+1,here I am,here I am,26 Mar 2026 20:49
aidn,patuu,GRAIN OF PAIN - THEGRAMS31 & KEY AFTER KEY | PHIGHTING OST,26 Mar 2026 20:46
Missing Music,patuu,Emray - About 10 Hours of making Breakcore,26 Mar 2026 20:42
Frizk,patuu,Frizk - Dancin' Round The Room,26 Mar 2026 20:40
xaptiox,soup,soup,26 Mar 2026 20:38
xaptiox,patuu,ariaMATH - xaptiox,26 Mar 2026 20:35
GNB CHILI,Basement Popstar,Blazing in the Dark,26 Mar 2026 20:33
Frizk,patuu,Frizk - By The Trees,26 Mar 2026 20:31
hkmori,unrequited love,it finished as soon as it started,26 Mar 2026 20:26
Kyra,Romantic 2,Romantic 2,26 Mar 2026 20:24
IX Fall$,patuu,IX FALL$ - buried yet so frail,26 Mar 2026 20:22
68+1,your eyes,your eyes,26 Mar 2026 20:19
LCONDATRACK,patuu,LCONDATRACK - HERE WE GO AGAIN,26 Mar 2026 20:17
nicopatty,patuu,nico's nextbots ost - 8-twelve,26 Mar 2026 20:16
boggio LeonJD,PHIGHTING! VOLUME 2,LAUNDROMADNESS,26 Mar 2026 20:13
nicopatty,patuu,nico's nextbots ost - safe room,26 Mar 2026 19:09
Frizk,patuu,Frizk - By The Trees,26 Mar 2026 19:08
LOVELI LORI,patuu,loveli lori & ovg! - love for you (Official Audio),26 Mar 2026 19:05
